Department,Appointment Type,Year,Count
A&S,Tenured,FALL 2023,3.00
A&S,Tenured,FALL 2022,2.00
A&S,Tenured,FALL 2021,3.16
A&S,Tenured,FALL 2020,2.00
A&S,Tenured,FALL 2019,2.00
A&S,Tenured,FALL 2018,3.00
A&S,Tenured,FALL 2017,2.00
A&S,Tenured,FALL 2016,2.00
A&S,Tenured,FALL 2015,2.00
A&S,Tenured,FALL 2014,0.66
A&S,Tenured,FALL 2013,1.00
A&S,Tenured,FALL 2012,2.00
A&S,Tenured,FALL 2011,0.66
A&S,Tenured,FALL 2010,3.66
A&S,Tenured,FALL 2009,3.00
A&S,Tenured,FALL 2008,2.00
A&S,Tenured,FALL 2007,2.83
A&S,Tenured,FALL 2006,2.66
A&S,Tenured,FALL 2005,2.67
A&S,Tenured,FALL 2004,2.67
A&S,Tenured,FALL 2003,3.33
A&S,Tenured,FALL 2002,2.33
A&S,Tenured,FALL 2001,3.67
A&S,Tenure-Track,FALL 2023,0.00
A&S,Tenure-Track,FALL 2022,1.67
A&S,Tenure-Track,FALL 2021,3.08
A&S,Tenure-Track,FALL 2020,3.33
A&S,Tenure-Track,FALL 2019,3.00
A&S,Tenure-Track,FALL 2018,3.00
A&S,Tenure-Track,FALL 2017,3.00
A&S,Tenure-Track,FALL 2016,3.00
A&S,Tenure-Track,FALL 2015,2.00
A&S,Tenure-Track,FALL 2014,3.00
A&S,Tenure-Track,FALL 2013,2.00
A&S,Tenure-Track,FALL 2012,1.00
A&S,Tenure-Track,FALL 2011,1.00
A&S,Tenure-Track,FALL 2010,1.00
A&S,Tenure-Track,FALL 2009,1.00
A&S,Tenure-Track,FALL 2008,1.00
A&S,Tenure-Track,FALL 2007,1.66
A&S,Tenure-Track,FALL 2006,1.00
A&S,Tenure-Track,FALL 2005,1.67
A&S,Tenure-Track,FALL 2004,1.00
A&S,Tenure-Track,FALL 2003,0.00
A&S,Tenure-Track,FALL 2002,1.00
A&S,Tenure-Track,FALL 2001,0.67
A&S,Visiting,FALL 2023,1.00
A&S,Visiting,FALL 2022,0.00
A&S,Visiting,FALL 2021,0.00
A&S,Visiting,FALL 2020,1.00
A&S,Visiting,FALL 2019,1.00
A&S,Visiting,FALL 2018,0.00
A&S,Visiting,FALL 2017,0.00
A&S,Visiting,FALL 2016,0.00
A&S,Visiting,FALL 2015,1.00
A&S,Visiting,FALL 2014,1.00
A&S,Visiting,FALL 2013,2.00
A&S,Visiting,FALL 2012,3.00
A&S,Visiting,FALL 2011,3.00
A&S,Visiting,FALL 2010,1.00
A&S,Visiting,FALL 2009,1.00
A&S,Visiting,FALL 2008,2.33
A&S,Visiting,FALL 2007,1.00
A&S,Visiting,FALL 2006,2.00
A&S,Visiting,FALL 2005,1.00
A&S,Visiting,FALL 2004,1.00
A&S,Visiting,FALL 2003,2.00
A&S,Visiting,FALL 2002,1.00
A&S,Visiting,FALL 2001,0.00
A&S,Adjunct,FALL 2023,2.00
A&S,Adjunct,FALL 2022,1.33
A&S,Adjunct,FALL 2021,1.00
A&S,Adjunct,FALL 2020,1.00
A&S,Adjunct,FALL 2019,0.00
A&S,Adjunct,FALL 2018,0.00
A&S,Adjunct,FALL 2017,0.00
A&S,Adjunct,FALL 2016,0.00
A&S,Adjunct,FALL 2015,0.00
A&S,Adjunct,FALL 2014,0.00
A&S,Adjunct,FALL 2013,0.00
A&S,Adjunct,FALL 2012,0.00
A&S,Adjunct,FALL 2011,0.00
A&S,Adjunct,FALL 2010,0.00
A&S,Adjunct,FALL 2009,0.00
A&S,Adjunct,FALL 2008,0.00
A&S,Adjunct,FALL 2007,0.00
A&S,Adjunct,FALL 2006,0.00
A&S,Adjunct,FALL 2005,0.00
A&S,Adjunct,FALL 2004,1.00
A&S,Adjunct,FALL 2003,0.33
A&S,Adjunct,FALL 2002,0.33
A&S,Adjunct,FALL 2001,1.00
ART*,Tenured,FALL 2023,2.00
ART*,Tenured,FALL 2022,0.00
ART*,Tenured,FALL 2021,1.00
ART*,Tenured,FALL 2020,1.00
ART*,Tenured,FALL 2019,3.00
ART*,Tenured,FALL 2018,3.33
ART*,Tenured,FALL 2017,3.08
ART*,Tenured,FALL 2016,3.00
ART*,Tenured,FALL 2015,2.00
ART*,Tenured,FALL 2014,2.66
ART*,Tenured,FALL 2013,1.83
ART*,Tenured,FALL 2012,3.00
ART*,Tenured,FALL 2011,2.66
ART*,Tenured,FALL 2010,1.83
ART*,Tenured,FALL 2009,3.83
ART*,Tenured,FALL 2008,3.00
ART*,Tenured,FALL 2007,2.16
ART*,Tenured,FALL 2006,2.00
ART*,Tenured,FALL 2005,3.83
ART*,Tenured,FALL 2004,4.00
ART*,Tenured,FALL 2003,5.17
ART*,Tenured,FALL 2002,4.33
ART*,Tenured,FALL 2001,4.50
ART*,Tenure-Track,FALL 2023,1.67
ART*,Tenure-Track,FALL 2022,2.00
ART*,Tenure-Track,FALL 2021,3.16
ART*,Tenure-Track,FALL 2020,2.66
ART*,Tenure-Track,FALL 2019,1.00
ART*,Tenure-Track,FALL 2018,1.00
ART*,Tenure-Track,FALL 2017,1.00
ART*,Tenure-Track,FALL 2016,1.00
ART*,Tenure-Track,FALL 2015,1.00
ART*,Tenure-Track,FALL 2014,0.00
ART*,Tenure-Track,FALL 2013,1.00
ART*,Tenure-Track,FALL 2012,1.00
ART*,Tenure-Track,FALL 2011,0.66
ART*,Tenure-Track,FALL 2010,1.00
ART*,Tenure-Track,FALL 2009,1.33
ART*,Tenure-Track,FALL 2008,3.00
ART*,Tenure-Track,FALL 2007,2.66
ART*,Tenure-Track,FALL 2006,3.00
ART*,Tenure-Track,FALL 2005,2.00
ART*,Tenure-Track,FALL 2004,2.00
ART*,Tenure-Track,FALL 2003,0.00
ART*,Tenure-Track,FALL 2002,0.00
ART*,Tenure-Track,FALL 2001,0.00
ART*,Visiting,FALL 2023,0.00
ART*,Visiting,FALL 2022,0.00
ART*,Visiting,FALL 2021,0.00
ART*,Visiting,FALL 2020,0.00
ART*,Visiting,FALL 2019,0.00
ART*,Visiting,FALL 2018,0.00
ART*,Visiting,FALL 2017,0.00
ART*,Visiting,FALL 2016,0.00
ART*,Visiting,FALL 2015,0.00
ART*,Visiting,FALL 2014,1.00
ART*,Visiting,FALL 2013,1.00
ART*,Visiting,FALL 2012,0.00
ART*,Visiting,FALL 2011,0.00
ART*,Visiting,FALL 2010,0.00
ART*,Visiting,FALL 2009,0.00
ART*,Visiting,FALL 2008,1.00
ART*,Visiting,FALL 2007,1.00
ART*,Visiting,FALL 2006,2.00
ART*,Visiting,FALL 2005,1.00
ART*,Visiting,FALL 2004,0.00
ART*,Visiting,FALL 2003,1.33
ART*,Visiting,FALL 2002,2.00
ART*,Visiting,FALL 2001,2.00
ART*,Adjunct,FALL 2023,0.00
ART*,Adjunct,FALL 2022,1.33
ART*,Adjunct,FALL 2021,1.00
ART*,Adjunct,FALL 2020,0.00
ART*,Adjunct,FALL 2019,0.00
ART*,Adjunct,FALL 2018,0.00
ART*,Adjunct,FALL 2017,0.00
ART*,Adjunct,FALL 2016,0.33
ART*,Adjunct,FALL 2015,0.66
ART*,Adjunct,FALL 2014,0.00
ART*,Adjunct,FALL 2013,0.00
ART*,Adjunct,FALL 2012,0.00
ART*,Adjunct,FALL 2011,0.33
ART*,Adjunct,FALL 2010,1.00
ART*,Adjunct,FALL 2009,0.33
ART*,Adjunct,FALL 2008,0.00
ART*,Adjunct,FALL 2007,0.33
ART*,Adjunct,FALL 2006,0.00
ART*,Adjunct,FALL 2005,0.00
ART*,Adjunct,FALL 2004,0.33
ART*,Adjunct,FALL 2003,0.00
ART*,Adjunct,FALL 2002,0.00
ART*,Adjunct,FALL 2001,0.17
ARTH*,Tenured,FALL 2023,1.17
ARTH*,Tenured,FALL 2022,1.00
ARTH*,Tenured,FALL 2021,0.00
ARTH*,Tenured,FALL 2020,1.00
ARTH*,Tenured,FALL 2019,1.00
ARTH*,Tenured,FALL 2018,1.00
ARTH*,Tenured,FALL 2017,1.00
ARTH*,Tenured,FALL 2016,1.00
ARTH*,Tenured,FALL 2015,1.00
ARTH*,Tenured,FALL 2014,0.00
ARTH*,Tenured,FALL 2013,1.00
ARTH*,Tenured,FALL 2012,1.33
ARTH*,Tenured,FALL 2011,1.00
ARTH*,Tenured,FALL 2010,1.33
ARTH*,Tenure-Track,FALL 2023,1.00
ARTH*,Tenure-Track,FALL 2022,1.00
ARTH*,Tenure-Track,FALL 2021,1.00
ARTH*,Tenure-Track,FALL 2020,1.00
ARTH*,Tenure-Track,FALL 2019,2.00
ARTH*,Tenure-Track,FALL 2018,1.00
ARTH*,Tenure-Track,FALL 2017,0.00
ARTH*,Tenure-Track,FALL 2016,0.00
ARTH*,Tenure-Track,FALL 2015,0.00
ARTH*,Tenure-Track,FALL 2014,0.00
ARTH*,Tenure-Track,FALL 2013,0.00
ARTH*,Tenure-Track,FALL 2012,0.00
ARTH*,Tenure-Track,FALL 2011,0.00
ARTH*,Tenure-Track,FALL 2010,0.00
ARTH*,Visiting,FALL 2023,0.00
ARTH*,Visiting,FALL 2022,0.00
ARTH*,Visiting,FALL 2021,0.00
ARTH*,Visiting,FALL 2020,0.00
ARTH*,Visiting,FALL 2019,0.00
ARTH*,Visiting,FALL 2018,0.00
ARTH*,Visiting,FALL 2017,0.00
ARTH*,Visiting,FALL 2016,0.00
ARTH*,Visiting,FALL 2015,0.00
ARTH*,Visiting,FALL 2014,1.00
ARTH*,Visiting,FALL 2013,0.00
ARTH*,Visiting,FALL 2012,0.00
ARTH*,Visiting,FALL 2011,0.66
ARTH*,Visiting,FALL 2010,0.00
ARTH*,Adjunct,FALL 2023,0.00
ARTH*,Adjunct,FALL 2022,0.00
ARTH*,Adjunct,FALL 2021,0.66
ARTH*,Adjunct,FALL 2020,0.00
ARTH*,Adjunct,FALL 2019,0.00
ARTH*,Adjunct,FALL 2018,0.00
ARTH*,Adjunct,FALL 2017,0.66
ARTH*,Adjunct,FALL 2016,0.00
ARTH*,Adjunct,FALL 2015,0.00
ARTH*,Adjunct,FALL 2014,0.66
ARTH*,Adjunct,FALL 2013,0.66
ARTH*,Adjunct,FALL 2012,0.00
ARTH*,Adjunct,FALL 2011,0.00
ARTH*,Adjunct,FALL 2010,0.33
BIOL,Tenured,FALL 2023,6.33
BIOL,Tenured,FALL 2022,6.00
BIOL,Tenured,FALL 2021,5.33
BIOL,Tenured,FALL 2020,6.50
BIOL,Tenured,FALL 2019,6.75
BIOL,Tenured,FALL 2018,7.16
BIOL,Tenured,FALL 2017,7.50
BIOL,Tenured,FALL 2016,6.00
BIOL,Tenured,FALL 2015,6.66
BIOL,Tenured,FALL 2014,6.16
BIOL,Tenured,FALL 2013,7.16
BIOL,Tenured,FALL 2012,5.16
BIOL,Tenured,FALL 2011,5.33
BIOL,Tenured,FALL 2010,6.16
BIOL,Tenured,FALL 2009,5.66
BIOL,Tenured,FALL 2008,6.33
BIOL,Tenured,FALL 2007,4.16
BIOL,Tenured,FALL 2006,6.66
BIOL,Tenured,FALL 2005,5.33
BIOL,Tenured,FALL 2004,5.17
BIOL,Tenured,FALL 2003,5.17
BIOL,Tenured,FALL 2002,3.67
BIOL,Tenured,FALL 2001,5.00
BIOL,Tenure-Track,FALL 2023,0.00
BIOL,Tenure-Track,FALL 2022,3.00
BIOL,Tenure-Track,FALL 2021,3.00
BIOL,Tenure-Track,FALL 2020,2.50
BIOL,Tenure-Track,FALL 2019,2.08
BIOL,Tenure-Track,FALL 2018,2.00
BIOL,Tenure-Track,FALL 2017,2.00
BIOL,Tenure-Track,FALL 2016,2.00
BIOL,Tenure-Track,FALL 2015,1.00
BIOL,Tenure-Track,FALL 2014,0.67
BIOL,Tenure-Track,FALL 2013,1.00
BIOL,Tenure-Track,FALL 2012,3.00
BIOL,Tenure-Track,FALL 2011,2.50
BIOL,Tenure-Track,FALL 2010,3.00
BIOL,Tenure-Track,FALL 2009,2.66
BIOL,Tenure-Track,FALL 2008,2.50
BIOL,Tenure-Track,FALL 2007,1.50
BIOL,Tenure-Track,FALL 2006,2.83
BIOL,Tenure-Track,FALL 2005,3.67
BIOL,Tenure-Track,FALL 2004,2.83
BIOL,Tenure-Track,FALL 2003,3.00
BIOL,Tenure-Track,FALL 2002,2.67
BIOL,Tenure-Track,FALL 2001,1.83
BIOL,Visiting,FALL 2023,2.00
BIOL,Visiting,FALL 2022,0.00
BIOL,Visiting,FALL 2021,0.00
BIOL,Visiting,FALL 2020,0.33
BIOL,Visiting,FALL 2019,0.00
BIOL,Visiting,FALL 2018,0.00
BIOL,Visiting,FALL 2017,0.00
BIOL,Visiting,FALL 2016,1.00
BIOL,Visiting,FALL 2015,1.00
BIOL,Visiting,FALL 2014,1.00
BIOL,Visiting,FALL 2013,0.00
BIOL,Visiting,FALL 2012,0.50
BIOL,Visiting,FALL 2011,0.00
BIOL,Visiting,FALL 2010,0.00
BIOL,Visiting,FALL 2009,0.00
BIOL,Visiting,FALL 2008,0.66
BIOL,Visiting,FALL 2007,1.00
BIOL,Visiting,FALL 2006,0.83
BIOL,Visiting,FALL 2005,0.00
BIOL,Visiting,FALL 2004,0.00
BIOL,Visiting,FALL 2003,0.00
BIOL,Visiting,FALL 2002,1.00
BIOL,Visiting,FALL 2001,1.00
BIOL,Adjunct,FALL 2023,0.00
BIOL,Adjunct,FALL 2022,1.00
BIOL,Adjunct,FALL 2021,1.00
BIOL,Adjunct,FALL 2020,0.00
BIOL,Adjunct,FALL 2019,0.00
BIOL,Adjunct,FALL 2018,0.00
BIOL,Adjunct,FALL 2017,0.33
BIOL,Adjunct,FALL 2016,0.33
BIOL,Adjunct,FALL 2015,0.50
BIOL,Adjunct,FALL 2014,0.50
BIOL,Adjunct,FALL 2013,0.50
BIOL,Adjunct,FALL 2012,0.50
BIOL,Adjunct,FALL 2011,0.50
BIOL,Adjunct,FALL 2010,1.16
BIOL,Adjunct,FALL 2009,0.83
BIOL,Adjunct,FALL 2008,1.00
BIOL,Adjunct,FALL 2007,2.50
BIOL,Adjunct,FALL 2006,0.83
BIOL,Adjunct,FALL 2005,0.83
BIOL,Adjunct,FALL 2004,0.83
BIOL,Adjunct,FALL 2003,0.50
BIOL,Adjunct,FALL 2002,0.67
BIOL,Adjunct,FALL 2001,0.67
CHEM,Tenured,FALL 2023,5.17
CHEM,Tenured,FALL 2022,4.33
CHEM,Tenured,FALL 2021,7.16
CHEM,Tenured,FALL 2020,7.00
CHEM,Tenured,FALL 2019,7.50
CHEM,Tenured,FALL 2018,5.33
CHEM,Tenured,FALL 2017,5.33
CHEM,Tenured,FALL 2016,4.00
CHEM,Tenured,FALL 2015,5.41
CHEM,Tenured,FALL 2014,5.67
CHEM,Tenured,FALL 2013,5.00
CHEM,Tenured,FALL 2012,5.50
CHEM,Tenured,FALL 2011,5.66
CHEM,Tenured,FALL 2010,4.16
CHEM,Tenured,FALL 2009,2.83
CHEM,Tenured,FALL 2008,3.83
CHEM,Tenured,FALL 2007,5.25
CHEM,Tenured,FALL 2006,4.75
CHEM,Tenured,FALL 2005,3.67
CHEM,Tenured,FALL 2004,4.08
CHEM,Tenured,FALL 2003,3.75
CHEM,Tenured,FALL 2002,3.67
CHEM,Tenured,FALL 2001,5.17
CHEM,Tenure-Track,FALL 2023,0.00
CHEM,Tenure-Track,FALL 2022,0.00
CHEM,Tenure-Track,FALL 2021,0.00
CHEM,Tenure-Track,FALL 2020,0.00
CHEM,Tenure-Track,FALL 2019,0.00
CHEM,Tenure-Track,FALL 2018,1.00
CHEM,Tenure-Track,FALL 2017,1.00
CHEM,Tenure-Track,FALL 2016,0.83
CHEM,Tenure-Track,FALL 2015,1.00
CHEM,Tenure-Track,FALL 2014,0.00
CHEM,Tenure-Track,FALL 2013,0.00
CHEM,Tenure-Track,FALL 2012,1.00
CHEM,Tenure-Track,FALL 2011,1.00
CHEM,Tenure-Track,FALL 2010,2.66
CHEM,Tenure-Track,FALL 2009,2.66
CHEM,Tenure-Track,FALL 2008,2.66
CHEM,Tenure-Track,FALL 2007,2.00
CHEM,Tenure-Track,FALL 2006,1.83
CHEM,Tenure-Track,FALL 2005,2.17
CHEM,Tenure-Track,FALL 2004,0.00
CHEM,Tenure-Track,FALL 2003,1.00
CHEM,Tenure-Track,FALL 2002,1.00
CHEM,Tenure-Track,FALL 2001,1.00
CHEM,Visiting,FALL 2023,1.00
CHEM,Visiting,FALL 2022,0.00
CHEM,Visiting,FALL 2021,0.00
CHEM,Visiting,FALL 2020,1.00
CHEM,Visiting,FALL 2019,0.00
CHEM,Visiting,FALL 2018,1.00
CHEM,Visiting,FALL 2017,1.00
CHEM,Visiting,FALL 2016,0.83
CHEM,Visiting,FALL 2015,0.00
CHEM,Visiting,FALL 2014,0.83
CHEM,Visiting,FALL 2013,0.00
CHEM,Visiting,FALL 2012,0.83
CHEM,Visiting,FALL 2011,0.00
CHEM,Visiting,FALL 2010,0.00
CHEM,Visiting,FALL 2009,1.00
CHEM,Visiting,FALL 2008,0.00
CHEM,Visiting,FALL 2007,0.00
CHEM,Visiting,FALL 2006,0.00
CHEM,Visiting,FALL 2005,2.00
CHEM,Visiting,FALL 2004,2.00
CHEM,Visiting,FALL 2003,2.00
CHEM,Visiting,FALL 2002,1.00
CHEM,Visiting,FALL 2001,1.00
CHEM,Adjunct,FALL 2023,0.00
CHEM,Adjunct,FALL 2022,1.83
CHEM,Adjunct,FALL 2021,1.00
CHEM,Adjunct,FALL 2020,0.33
CHEM,Adjunct,FALL 2019,0.00
CHEM,Adjunct,FALL 2018,0.00
CHEM,Adjunct,FALL 2017,0.00
CHEM,Adjunct,FALL 2016,0.00
CHEM,Adjunct,FALL 2015,0.00
CHEM,Adjunct,FALL 2014,0.00
CHEM,Adjunct,FALL 2013,0.00
CHEM,Adjunct,FALL 2012,0.00
CHEM,Adjunct,FALL 2011,0.00
CHEM,Adjunct,FALL 2010,1.00
CHEM,Adjunct,FALL 2009,0.83
CHEM,Adjunct,FALL 2008,0.16
CHEM,Adjunct,FALL 2007,0.08
CHEM,Adjunct,FALL 2006,0.00
CHEM,Adjunct,FALL 2005,0.00
CHEM,Adjunct,FALL 2004,0.00
CHEM,Adjunct,FALL 2003,0.00
CHEM,Adjunct,FALL 2002,0.00
CHEM,Adjunct,FALL 2001,0.00
COMM/SPCH,Tenured,FALL 2023,2.00
COMM/SPCH,Tenured,FALL 2022,1.00
COMM/SPCH,Tenured,FALL 2021,1.00
COMM/SPCH,Tenured,FALL 2020,1.33
COMM/SPCH,Tenured,FALL 2019,1.00
COMM/SPCH,Tenured,FALL 2018,6.33
COMM/SPCH,Tenured,FALL 2017,2.00
COMM/SPCH,Tenured,FALL 2016,1.00
COMM/SPCH,Tenured,FALL 2015,1.00
COMM/SPCH,Tenured,FALL 2014,1.00
COMM/SPCH,Tenured,FALL 2013,1.00
COMM/SPCH,Tenured,FALL 2012,1.00
COMM/SPCH,Tenured,FALL 2011,1.00
COMM/SPCH,Tenured,FALL 2010,1.00
COMM/SPCH,Tenured,FALL 2009,1.00
COMM/SPCH,Tenured,FALL 2008,0.00
COMM/SPCH,Tenured,FALL 2007,0.00
COMM/SPCH,Tenured,FALL 2006,0.00
COMM/SPCH,Tenured,FALL 2005,0.00
COMM/SPCH,Tenured,FALL 2004,1.33
COMM/SPCH,Tenured,FALL 2003,1.00
COMM/SPCH,Tenured,FALL 2002,1.00
COMM/SPCH,Tenured,FALL 2001,1.00
COMM/SPCH,Tenure-Track,FALL 2023,2.00
COMM/SPCH,Tenure-Track,FALL 2022,2.67
COMM/SPCH,Tenure-Track,FALL 2021,2.00
COMM/SPCH,Tenure-Track,FALL 2020,2.66
COMM/SPCH,Tenure-Track,FALL 2019,3.00
COMM/SPCH,Tenure-Track,FALL 2018,0.00
COMM/SPCH,Tenure-Track,FALL 2017,2.00
COMM/SPCH,Tenure-Track,FALL 2016,2.00
COMM/SPCH,Tenure-Track,FALL 2015,2.00
COMM/SPCH,Tenure-Track,FALL 2014,2.00
COMM/SPCH,Tenure-Track,FALL 2013,2.00
COMM/SPCH,Tenure-Track,FALL 2012,2.00
COMM/SPCH,Tenure-Track,FALL 2011,1.66
COMM/SPCH,Tenure-Track,FALL 2010,1.00
COMM/SPCH,Tenure-Track,FALL 2009,1.00
COMM/SPCH,Tenure-Track,FALL 2008,3.33
COMM/SPCH,Tenure-Track,FALL 2007,2.00
COMM/SPCH,Tenure-Track,FALL 2006,2.00
COMM/SPCH,Tenure-Track,FALL 2005,1.67
COMM/SPCH,Tenure-Track,FALL 2004,1.67
COMM/SPCH,Tenure-Track,FALL 2003,2.00
COMM/SPCH,Tenure-Track,FALL 2002,0.00
COMM/SPCH,Tenure-Track,FALL 2001,0.00
COMM/SPCH,Visiting,FALL 2023,0.00
COMM/SPCH,Visiting,FALL 2022,1.00
COMM/SPCH,Visiting,FALL 2021,1.33
COMM/SPCH,Visiting,FALL 2020,2.00
COMM/SPCH,Visiting,FALL 2019,2.00
COMM/SPCH,Visiting,FALL 2018,1.00
COMM/SPCH,Visiting,FALL 2017,2.00
COMM/SPCH,Visiting,FALL 2016,2.00
COMM/SPCH,Visiting,FALL 2015,2.00
COMM/SPCH,Visiting,FALL 2014,1.00
COMM/SPCH,Visiting,FALL 2013,1.00
COMM/SPCH,Visiting,FALL 2012,1.00
COMM/SPCH,Visiting,FALL 2011,1.00
COMM/SPCH,Visiting,FALL 2010,2.33
COMM/SPCH,Visiting,FALL 2009,2.00
COMM/SPCH,Visiting,FALL 2008,1.33
COMM/SPCH,Visiting,FALL 2007,1.33
COMM/SPCH,Visiting,FALL 2006,2.33
COMM/SPCH,Visiting,FALL 2005,2.33
COMM/SPCH,Visiting,FALL 2004,1.00
COMM/SPCH,Visiting,FALL 2003,1.00
COMM/SPCH,Visiting,FALL 2002,3.00
COMM/SPCH,Visiting,FALL 2001,3.33
COMM/SPCH,Adjunct,FALL 2023,3.33
COMM/SPCH,Adjunct,FALL 2022,2.00
COMM/SPCH,Adjunct,FALL 2021,2.00
COMM/SPCH,Adjunct,FALL 2020,0.33
COMM/SPCH,Adjunct,FALL 2019,0.00
COMM/SPCH,Adjunct,FALL 2018,0.00
COMM/SPCH,Adjunct,FALL 2017,0.00
COMM/SPCH,Adjunct,FALL 2016,0.00
COMM/SPCH,Adjunct,FALL 2015,0.00
COMM/SPCH,Adjunct,FALL 2014,0.66
COMM/SPCH,Adjunct,FALL 2013,0.66
COMM/SPCH,Adjunct,FALL 2012,1.33
COMM/SPCH,Adjunct,FALL 2011,0.66
COMM/SPCH,Adjunct,FALL 2010,0.00
COMM/SPCH,Adjunct,FALL 2009,0.66
COMM/SPCH,Adjunct,FALL 2008,0.66
COMM/SPCH,Adjunct,FALL 2007,1.66
COMM/SPCH,Adjunct,FALL 2006,0.66
COMM/SPCH,Adjunct,FALL 2005,0.67
COMM/SPCH,Adjunct,FALL 2004,0.67
COMM/SPCH,Adjunct,FALL 2003,0.67
COMM/SPCH,Adjunct,FALL 2002,0.33
COMM/SPCH,Adjunct,FALL 2001,0.00
E&M,Tenured,FALL 2023,3.00
E&M,Tenured,FALL 2022,4.00
E&M,Tenured,FALL 2021,5.33
E&M,Tenured,FALL 2020,6.16
E&M,Tenured,FALL 2019,6.33
E&M,Tenured,FALL 2018,6.33
E&M,Tenured,FALL 2017,5.00
E&M,Tenured,FALL 2016,5.00
E&M,Tenured,FALL 2015,4.00
E&M,Tenured,FALL 2014,2.66
E&M,Tenured,FALL 2013,5.00
E&M,Tenured,FALL 2012,5.16
E&M,Tenured,FALL 2011,5.00
E&M,Tenured,FALL 2010,4.33
E&M,Tenured,FALL 2009,5.16
E&M,Tenured,FALL 2008,5.33
E&M,Tenured,FALL 2007,4.33
E&M,Tenured,FALL 2006,6.00
E&M,Tenured,FALL 2005,7.00
E&M,Tenured,FALL 2004,7.33
E&M,Tenured,FALL 2003,7.33
E&M,Tenured,FALL 2002,6.42
E&M,Tenured,FALL 2001,6.17
E&M,Tenure-Track,FALL 2023,2.83
E&M,Tenure-Track,FALL 2022,2.67
E&M,Tenure-Track,FALL 2021,1.66
E&M,Tenure-Track,FALL 2020,0.66
E&M,Tenure-Track,FALL 2019,1.00
E&M,Tenure-Track,FALL 2018,2.00
E&M,Tenure-Track,FALL 2017,2.00
E&M,Tenure-Track,FALL 2016,2.00
E&M,Tenure-Track,FALL 2015,2.00
E&M,Tenure-Track,FALL 2014,1.00
E&M,Tenure-Track,FALL 2013,1.00
E&M,Tenure-Track,FALL 2012,2.00
E&M,Tenure-Track,FALL 2011,1.66
E&M,Tenure-Track,FALL 2010,4.00
E&M,Tenure-Track,FALL 2009,3.16
E&M,Tenure-Track,FALL 2008,5.00
E&M,Tenure-Track,FALL 2007,5.00
E&M,Tenure-Track,FALL 2006,4.00
E&M,Tenure-Track,FALL 2005,2.67
E&M,Tenure-Track,FALL 2004,1.67
E&M,Tenure-Track,FALL 2003,1.00
E&M,Tenure-Track,FALL 2002,2.00
E&M,Tenure-Track,FALL 2001,0.00
E&M,Visiting,FALL 2023,0.00
E&M,Visiting,FALL 2022,1.67
E&M,Visiting,FALL 2021,0.00
E&M,Visiting,FALL 2020,0.00
E&M,Visiting,FALL 2019,0.00
E&M,Visiting,FALL 2018,1.00
E&M,Visiting,FALL 2017,0.00
E&M,Visiting,FALL 2016,0.00
E&M,Visiting,FALL 2015,1.00
E&M,Visiting,FALL 2014,2.00
E&M,Visiting,FALL 2013,1.00
E&M,Visiting,FALL 2012,1.00
E&M,Visiting,FALL 2011,1.00
E&M,Visiting,FALL 2010,0.00
E&M,Visiting,FALL 2009,0.00
E&M,Visiting,FALL 2008,1.00
E&M,Visiting,FALL 2007,2.00
E&M,Visiting,FALL 2006,0.00
E&M,Visiting,FALL 2005,0.00
E&M,Visiting,FALL 2004,0.00
E&M,Visiting,FALL 2003,0.00
E&M,Visiting,FALL 2002,0.00
E&M,Visiting,FALL 2001,2.67
E&M,Adjunct,FALL 2023,3.00
E&M,Adjunct,FALL 2022,1.00
E&M,Adjunct,FALL 2021,0.66
E&M,Adjunct,FALL 2020,1.33
E&M,Adjunct,FALL 2019,1.00
E&M,Adjunct,FALL 2018,0.00
E&M,Adjunct,FALL 2017,0.66
E&M,Adjunct,FALL 2016,0.00
E&M,Adjunct,FALL 2015,0.33
E&M,Adjunct,FALL 2014,1.00
E&M,Adjunct,FALL 2013,0.00
E&M,Adjunct,FALL 2012,0.00
E&M,Adjunct,FALL 2011,0.00
E&M,Adjunct,FALL 2010,0.00
E&M,Adjunct,FALL 2009,0.00
E&M,Adjunct,FALL 2008,0.66
E&M,Adjunct,FALL 2007,0.00
E&M,Adjunct,FALL 2006,0.33
E&M,Adjunct,FALL 2005,0.00
E&M,Adjunct,FALL 2004,0.00
E&M,Adjunct,FALL 2003,0.33
E&M,Adjunct,FALL 2002,0.00
E&M,Adjunct,FALL 2001,0.00
EDUC,Tenured,FALL 2023,3.00
EDUC,Tenured,FALL 2022,2.00
EDUC,Tenured,FALL 2021,2.75
EDUC,Tenured,FALL 2020,2.08
EDUC,Tenured,FALL 2019,2.16
EDUC,Tenured,FALL 2018,2.08
EDUC,Tenured,FALL 2017,2.00
EDUC,Tenured,FALL 2016,2.00
EDUC,Tenured,FALL 2015,1.33
EDUC,Tenured,FALL 2014,1.66
EDUC,Tenured,FALL 2013,2.00
EDUC,Tenured,FALL 2012,2.00
EDUC,Tenured,FALL 2011,1.50
EDUC,Tenured,FALL 2010,1.22
EDUC,Tenured,FALL 2009,1.00
EDUC,Tenured,FALL 2008,1.69
EDUC,Tenured,FALL 2007,1.33
EDUC,Tenured,FALL 2006,2.27
EDUC,Tenured,FALL 2005,0.33
EDUC,Tenured,FALL 2004,1.17
EDUC,Tenured,FALL 2003,0.33
EDUC,Tenured,FALL 2002,0.33
EDUC,Tenured,FALL 2001,0.33
EDUC,Tenure-Track,FALL 2023,0.83
EDUC,Tenure-Track,FALL 2022,1.67
EDUC,Tenure-Track,FALL 2021,1.16
EDUC,Tenure-Track,FALL 2020,0.66
EDUC,Tenure-Track,FALL 2019,1.00
EDUC,Tenure-Track,FALL 2018,1.00
EDUC,Tenure-Track,FALL 2017,1.00
EDUC,Tenure-Track,FALL 2016,0.00
EDUC,Tenure-Track,FALL 2015,0.00
EDUC,Tenure-Track,FALL 2014,1.00
EDUC,Tenure-Track,FALL 2013,0.00
EDUC,Tenure-Track,FALL 2012,0.00
EDUC,Tenure-Track,FALL 2011,0.00
EDUC,Tenure-Track,FALL 2010,1.83
EDUC,Tenure-Track,FALL 2009,1.33
EDUC,Tenure-Track,FALL 2008,1.75
EDUC,Tenure-Track,FALL 2007,0.83
EDUC,Tenure-Track,FALL 2006,0.83
EDUC,Tenure-Track,FALL 2005,2.17
EDUC,Tenure-Track,FALL 2004,2.67
EDUC,Tenure-Track,FALL 2003,2.67
EDUC,Tenure-Track,FALL 2002,2.00
EDUC,Tenure-Track,FALL 2001,1.00
EDUC,Visiting,FALL 2023,0.00
EDUC,Visiting,FALL 2022,0.00
EDUC,Visiting,FALL 2021,0.00
EDUC,Visiting,FALL 2020,0.00
EDUC,Visiting,FALL 2019,0.00
EDUC,Visiting,FALL 2018,0.00
EDUC,Visiting,FALL 2017,0.00
EDUC,Visiting,FALL 2016,1.00
EDUC,Visiting,FALL 2015,0.66
EDUC,Visiting,FALL 2014,1.00
EDUC,Visiting,FALL 2013,1.66
EDUC,Visiting,FALL 2012,2.00
EDUC,Visiting,FALL 2011,2.02
EDUC,Visiting,FALL 2010,0.80
EDUC,Visiting,FALL 2009,1.00
EDUC,Visiting,FALL 2008,0.66
EDUC,Visiting,FALL 2007,2.00
EDUC,Visiting,FALL 2006,1.00
EDUC,Visiting,FALL 2005,1.00
EDUC,Visiting,FALL 2004,0.00
EDUC,Visiting,FALL 2003,0.00
EDUC,Visiting,FALL 2002,0.00
EDUC,Visiting,FALL 2001,2.00
EDUC,Adjunct,FALL 2023,0.00
EDUC,Adjunct,FALL 2022,0.00
EDUC,Adjunct,FALL 2021,0.16
EDUC,Adjunct,FALL 2020,0.42
EDUC,Adjunct,FALL 2019,0.16
EDUC,Adjunct,FALL 2018,0.66
EDUC,Adjunct,FALL 2017,0.83
EDUC,Adjunct,FALL 2016,0.50
EDUC,Adjunct,FALL 2015,0.83
EDUC,Adjunct,FALL 2014,0.00
EDUC,Adjunct,FALL 2013,0.05
EDUC,Adjunct,FALL 2012,0.00
EDUC,Adjunct,FALL 2011,0.00
EDUC,Adjunct,FALL 2010,0.00
EDUC,Adjunct,FALL 2009,0.16
EDUC,Adjunct,FALL 2008,0.00
EDUC,Adjunct,FALL 2007,1.16
EDUC,Adjunct,FALL 2006,0.83
EDUC,Adjunct,FALL 2005,2.33
EDUC,Adjunct,FALL 2004,1.54
EDUC,Adjunct,FALL 2003,1.58
EDUC,Adjunct,FALL 2002,2.14
EDUC,Adjunct,FALL 2001,0.83
ENGL,Tenured,FALL 2023,5.42
ENGL,Tenured,FALL 2022,4.67
ENGL,Tenured,FALL 2021,5.33
ENGL,Tenured,FALL 2020,6.33
ENGL,Tenured,FALL 2019,6.33
ENGL,Tenured,FALL 2018,6.50
ENGL,Tenured,FALL 2017,6.00
ENGL,Tenured,FALL 2016,7.33
ENGL,Tenured,FALL 2015,6.00
ENGL,Tenured,FALL 2014,7.50
ENGL,Tenured,FALL 2013,6.83
ENGL,Tenured,FALL 2012,7.00
ENGL,Tenured,FALL 2011,6.66
ENGL,Tenured,FALL 2010,5.00
ENGL,Tenured,FALL 2009,4.66
ENGL,Tenured,FALL 2008,5.33
ENGL,Tenured,FALL 2007,5.33
ENGL,Tenured,FALL 2006,4.33
ENGL,Tenured,FALL 2005,4.67
ENGL,Tenured,FALL 2004,6.33
ENGL,Tenured,FALL 2003,7.00
ENGL,Tenured,FALL 2002,7.00
ENGL,Tenured,FALL 2001,4.00
ENGL,Tenure-Track,FALL 2023,2.00
ENGL,Tenure-Track,FALL 2022,2.00
ENGL,Tenure-Track,FALL 2021,0.00
ENGL,Tenure-Track,FALL 2020,1.66
ENGL,Tenure-Track,FALL 2019,2.00
ENGL,Tenure-Track,FALL 2018,1.00
ENGL,Tenure-Track,FALL 2017,1.00
ENGL,Tenure-Track,FALL 2016,1.00
ENGL,Tenure-Track,FALL 2015,1.00
ENGL,Tenure-Track,FALL 2014,0.00
ENGL,Tenure-Track,FALL 2013,0.00
ENGL,Tenure-Track,FALL 2012,1.83
ENGL,Tenure-Track,FALL 2011,2.00
ENGL,Tenure-Track,FALL 2010,4.00
ENGL,Tenure-Track,FALL 2009,3.00
ENGL,Tenure-Track,FALL 2008,4.00
ENGL,Tenure-Track,FALL 2007,4.83
ENGL,Tenure-Track,FALL 2006,4.00
ENGL,Tenure-Track,FALL 2005,4.00
ENGL,Tenure-Track,FALL 2004,2.00
ENGL,Tenure-Track,FALL 2003,3.33
ENGL,Tenure-Track,FALL 2002,1.67
ENGL,Tenure-Track,FALL 2001,2.67
ENGL,Visiting,FALL 2023,1.00
ENGL,Visiting,FALL 2022,1.33
ENGL,Visiting,FALL 2021,1.83
ENGL,Visiting,FALL 2020,1.66
ENGL,Visiting,FALL 2019,2.16
ENGL,Visiting,FALL 2018,3.33
ENGL,Visiting,FALL 2017,1.00
ENGL,Visiting,FALL 2016,1.00
ENGL,Visiting,FALL 2015,2.00
ENGL,Visiting,FALL 2014,1.00
ENGL,Visiting,FALL 2013,2.00
ENGL,Visiting,FALL 2012,1.33
ENGL,Visiting,FALL 2011,1.83
ENGL,Visiting,FALL 2010,1.00
ENGL,Visiting,FALL 2009,2.00
ENGL,Visiting,FALL 2008,4.00
ENGL,Visiting,FALL 2007,2.66
ENGL,Visiting,FALL 2006,5.83
ENGL,Visiting,FALL 2005,4.00
ENGL,Visiting,FALL 2004,4.00
ENGL,Visiting,FALL 2003,2.00
ENGL,Visiting,FALL 2002,3.33
ENGL,Visiting,FALL 2001,3.00
ENGL,Adjunct,FALL 2023,0.00
ENGL,Adjunct,FALL 2022,2.67
ENGL,Adjunct,FALL 2021,4.66
ENGL,Adjunct,FALL 2020,2.33
ENGL,Adjunct,FALL 2019,0.66
ENGL,Adjunct,FALL 2018,1.00
ENGL,Adjunct,FALL 2017,2.00
ENGL,Adjunct,FALL 2016,1.33
ENGL,Adjunct,FALL 2015,0.00
ENGL,Adjunct,FALL 2014,0.00
ENGL,Adjunct,FALL 2013,1.00
ENGL,Adjunct,FALL 2012,0.25
ENGL,Adjunct,FALL 2011,0.16
ENGL,Adjunct,FALL 2010,1.33
ENGL,Adjunct,FALL 2009,1.00
ENGL,Adjunct,FALL 2008,1.33
ENGL,Adjunct,FALL 2007,1.66
ENGL,Adjunct,FALL 2006,1.33
ENGL,Adjunct,FALL 2005,1.67
ENGL,Adjunct,FALL 2004,1.67
ENGL,Adjunct,FALL 2003,1.17
ENGL,Adjunct,FALL 2002,0.33
ENGL,Adjunct,FALL 2001,0.33
ENVN,Tenured,FALL 2023,0.00
ENVN,Tenured,FALL 2022,0.00
ENVN,Tenured,FALL 2021,1.00
ENVN,Tenured,FALL 2020,0.00
ENVN,Tenured,FALL 2019,0.00
ENVN,Tenured,FALL 2018,0.00
ENVN,Tenure-Track,FALL 2023,0.00
ENVN,Tenure-Track,FALL 2022,0.00
ENVN,Tenure-Track,FALL 2021,0.00
ENVN,Tenure-Track,FALL 2020,0.00
ENVN,Tenure-Track,FALL 2019,0.00
ENVN,Tenure-Track,FALL 2018,0.00
ENVN,Visiting,FALL 2023,0.00
ENVN,Visiting,FALL 2022,0.00
ENVN,Visiting,FALL 2021,0.00
ENVN,Visiting,FALL 2020,0.00
ENVN,Visiting,FALL 2019,0.00
ENVN,Visiting,FALL 2018,0.00
ENVN,Adjunct,FALL 2023,0.00
ENVN,Adjunct,FALL 2022,0.00
ENVN,Adjunct,FALL 2021,0.00
ENVN,Adjunct,FALL 2020,0.33
ENVN,Adjunct,FALL 2019,0.33
ENVN,Adjunct,FALL 2018,0.33
ETHN,Tenured,FALL 2023,1.00
ETHN,Tenured,FALL 2022,0.00
ETHN,Tenured,FALL 2021,0.00
ETHN,Tenured,FALL 2020,0.00
ETHN,Tenured,FALL 2019,0.00
ETHN,Tenured,FALL 2018,0.00
ETHN,Tenured,FALL 2017,0.00
ETHN,Tenured,FALL 2016,0.00
ETHN,Tenured,FALL 2015,0.00
ETHN,Tenured,FALL 2014,0.00
ETHN,Tenured,FALL 2013,0.00
ETHN,Tenured,FALL 2012,0.00
ETHN,Tenured,FALL 2011,0.00
ETHN,Tenured,FALL 2010,0.00
ETHN,Tenured,FALL 2009,0.00
ETHN,Tenured,FALL 2008,0.00
ETHN,Tenured,FALL 2007,0.00
ETHN,Tenured,FALL 2006,0.00
ETHN,Tenure-Track,FALL 2023,0.00
ETHN,Tenure-Track,FALL 2022,1.00
ETHN,Tenure-Track,FALL 2021,1.00
ETHN,Tenure-Track,FALL 2020,1.00
ETHN,Tenure-Track,FALL 2019,1.00
ETHN,Tenure-Track,FALL 2018,1.00
ETHN,Tenure-Track,FALL 2017,1.00
ETHN,Tenure-Track,FALL 2016,1.00
ETHN,Tenure-Track,FALL 2015,1.00
ETHN,Tenure-Track,FALL 2014,0.00
ETHN,Tenure-Track,FALL 2013,0.00
ETHN,Tenure-Track,FALL 2012,0.00
ETHN,Tenure-Track,FALL 2011,0.00
ETHN,Tenure-Track,FALL 2010,0.00
ETHN,Tenure-Track,FALL 2009,1.00
ETHN,Tenure-Track,FALL 2008,1.00
ETHN,Tenure-Track,FALL 2007,1.00
ETHN,Tenure-Track,FALL 2006,1.33
ETHN,Visiting,FALL 2023,0.00
ETHN,Visiting,FALL 2022,0.00
ETHN,Visiting,FALL 2021,0.00
ETHN,Visiting,FALL 2020,0.00
ETHN,Visiting,FALL 2019,0.00
ETHN,Visiting,FALL 2018,0.00
ETHN,Visiting,FALL 2017,0.00
ETHN,Visiting,FALL 2016,0.00
ETHN,Visiting,FALL 2015,0.00
ETHN,Visiting,FALL 2014,1.00
ETHN,Visiting,FALL 2013,1.00
ETHN,Visiting,FALL 2012,0.00
ETHN,Visiting,FALL 2011,0.00
ETHN,Visiting,FALL 2010,0.00
ETHN,Visiting,FALL 2009,0.00
ETHN,Visiting,FALL 2008,0.00
ETHN,Visiting,FALL 2007,0.00
ETHN,Visiting,FALL 2006,0.00
ETHN,Adjunct,FALL 2023,0.00
ETHN,Adjunct,FALL 2022,0.00
ETHN,Adjunct,FALL 2021,0.00
ETHN,Adjunct,FALL 2020,0.00
ETHN,Adjunct,FALL 2019,0.00
ETHN,Adjunct,FALL 2018,0.00
ETHN,Adjunct,FALL 2017,0.00
ETHN,Adjunct,FALL 2016,0.00
ETHN,Adjunct,FALL 2015,0.00
ETHN,Adjunct,FALL 2014,0.00
ETHN,Adjunct,FALL 2013,0.00
ETHN,Adjunct,FALL 2012,0.66
ETHN,Adjunct,FALL 2011,0.66
ETHN,Adjunct,FALL 2010,0.66
ETHN,Adjunct,FALL 2009,0.00
ETHN,Adjunct,FALL 2008,0.66
ETHN,Adjunct,FALL 2007,0.00
ETHN,Adjunct,FALL 2006,0.00
GEOL,Tenured,FALL 2023,2.33
GEOL,Tenured,FALL 2022,2.00
GEOL,Tenured,FALL 2021,1.00
GEOL,Tenured,FALL 2020,1.50
GEOL,Tenured,FALL 2019,3.66
GEOL,Tenured,FALL 2018,4.08
GEOL,Tenured,FALL 2017,4.66
GEOL,Tenured,FALL 2016,3.33
GEOL,Tenured,FALL 2015,3.00
GEOL,Tenured,FALL 2014,3.66
GEOL,Tenured,FALL 2013,3.16
GEOL,Tenured,FALL 2012,3.33
GEOL,Tenured,FALL 2011,2.61
GEOL,Tenured,FALL 2010,2.83
GEOL,Tenured,FALL 2009,2.83
GEOL,Tenured,FALL 2008,3.16
GEOL,Tenured,FALL 2007,4.00
GEOL,Tenured,FALL 2006,2.16
GEOL,Tenured,FALL 2005,3.83
GEOL,Tenured,FALL 2004,3.83
GEOL,Tenured,FALL 2003,2.67
GEOL,Tenured,FALL 2002,3.17
GEOL,Tenured,FALL 2001,3.67
GEOL,Tenure-Track,FALL 2023,1.66
GEOL,Tenure-Track,FALL 2022,3.00
GEOL,Tenure-Track,FALL 2021,3.00
GEOL,Tenure-Track,FALL 2020,1.83
GEOL,Tenure-Track,FALL 2019,2.00
GEOL,Tenure-Track,FALL 2018,1.00
GEOL,Tenure-Track,FALL 2017,1.00
GEOL,Tenure-Track,FALL 2016,1.00
GEOL,Tenure-Track,FALL 2015,1.00
GEOL,Tenure-Track,FALL 2014,1.00
GEOL,Tenure-Track,FALL 2013,0.00
GEOL,Tenure-Track,FALL 2012,1.00
GEOL,Tenure-Track,FALL 2011,1.00
GEOL,Tenure-Track,FALL 2010,2.33
GEOL,Tenure-Track,FALL 2009,1.66
GEOL,Tenure-Track,FALL 2008,2.00
GEOL,Tenure-Track,FALL 2007,2.00
GEOL,Tenure-Track,FALL 2006,1.83
GEOL,Tenure-Track,FALL 2005,1.00
GEOL,Tenure-Track,FALL 2004,1.00
GEOL,Tenure-Track,FALL 2003,0.00
GEOL,Tenure-Track,FALL 2002,0.00
GEOL,Tenure-Track,FALL 2001,0.00
GEOL,Visiting,FALL 2023,1.00
GEOL,Visiting,FALL 2022,0.00
GEOL,Visiting,FALL 2021,0.00
GEOL,Visiting,FALL 2020,0.00
GEOL,Visiting,FALL 2019,0.00
GEOL,Visiting,FALL 2018,0.00
GEOL,Visiting,FALL 2017,0.00
GEOL,Visiting,FALL 2016,1.00
GEOL,Visiting,FALL 2015,1.00
GEOL,Visiting,FALL 2014,0.00
GEOL,Visiting,FALL 2013,1.00
GEOL,Visiting,FALL 2012,1.00
GEOL,Visiting,FALL 2011,1.00
GEOL,Adjunct,FALL 2023,0.00
GEOL,Adjunct,FALL 2022,0.00
GEOL,Adjunct,FALL 2021,0.66
GEOL,Adjunct,FALL 2020,0.00
GEOL,Adjunct,FALL 2019,0.00
GEOL,Adjunct,FALL 2018,0.00
GEOL,Adjunct,FALL 2017,0.00
GEOL,Adjunct,FALL 2016,0.00
GEOL,Adjunct,FALL 2015,0.00
GEOL,Adjunct,FALL 2014,0.00
GEOL,Adjunct,FALL 2013,0.00
GEOL,Adjunct,FALL 2012,0.00
GEOL,Adjunct,FALL 2011,0.00
GEOL,Adjunct,FALL 2010,0.00
GEOL,Adjunct,FALL 2009,0.83
GEOL,Adjunct,FALL 2008,1.00
GEOL,Adjunct,FALL 2007,0.00
GEOL,Adjunct,FALL 2006,0.00
GEOL,Adjunct,FALL 2005,0.00
GEOL,Adjunct,FALL 2004,0.00
GEOL,Adjunct,FALL 2003,0.33
GEOL,Adjunct,FALL 2002,0.00
GEOL,Adjunct,FALL 2001,0.00
HIST,Tenured,FALL 2023,2.00
HIST,Tenured,FALL 2022,1.67
HIST,Tenured,FALL 2021,0.00
HIST,Tenured,FALL 2020,3.16
HIST,Tenured,FALL 2019,3.33
HIST,Tenured,FALL 2018,3.00
HIST,Tenured,FALL 2017,3.33
HIST,Tenured,FALL 2016,3.33
HIST,Tenured,FALL 2015,3.16
HIST,Tenured,FALL 2014,4.00
HIST,Tenured,FALL 2013,5.33
HIST,Tenured,FALL 2012,5.33
HIST,Tenured,FALL 2011,5.00
HIST,Tenured,FALL 2010,4.66
HIST,Tenured,FALL 2009,2.33
HIST,Tenured,FALL 2008,5.33
HIST,Tenured,FALL 2007,4.00
HIST,Tenured,FALL 2006,3.66
HIST,Tenured,FALL 2005,3.67
HIST,Tenured,FALL 2004,4.67
HIST,Tenured,FALL 2003,4.33
HIST,Tenured,FALL 2002,2.83
HIST,Tenured,FALL 2001,2.67
HIST,Tenure-Track,FALL 2023,3.00
HIST,Tenure-Track,FALL 2022,2.00
HIST,Tenure-Track,FALL 2021,2.00
HIST,Tenure-Track,FALL 2020,1.33
HIST,Tenure-Track,FALL 2019,1.00
HIST,Tenure-Track,FALL 2018,2.00
HIST,Tenure-Track,FALL 2017,2.00
HIST,Tenure-Track,FALL 2016,0.00
HIST,Tenure-Track,FALL 2015,0.00
HIST,Tenure-Track,FALL 2014,0.00
HIST,Tenure-Track,FALL 2013,0.00
HIST,Tenure-Track,FALL 2012,0.00
HIST,Tenure-Track,FALL 2011,0.00
HIST,Tenure-Track,FALL 2010,2.33
HIST,Tenure-Track,FALL 2009,2.66
HIST,Tenure-Track,FALL 2008,1.00
HIST,Tenure-Track,FALL 2007,2.00
HIST,Tenure-Track,FALL 2006,1.00
HIST,Tenure-Track,FALL 2005,0.67
HIST,Tenure-Track,FALL 2004,0.00
HIST,Tenure-Track,FALL 2003,2.00
HIST,Tenure-Track,FALL 2002,0.67
HIST,Tenure-Track,FALL 2001,1.33
HIST,Visiting,FALL 2023,0.00
HIST,Visiting,FALL 2022,1.00
HIST,Visiting,FALL 2021,1.00
HIST,Visiting,FALL 2020,1.00
HIST,Visiting,FALL 2019,1.00
HIST,Visiting,FALL 2018,1.00
HIST,Visiting,FALL 2017,1.00
HIST,Visiting,FALL 2016,2.00
HIST,Visiting,FALL 2015,0.00
HIST,Visiting,FALL 2014,0.00
HIST,Visiting,FALL 2013,1.00
HIST,Visiting,FALL 2012,1.66
HIST,Visiting,FALL 2011,1.00
HIST,Visiting,FALL 2010,0.00
HIST,Visiting,FALL 2009,0.00
HIST,Visiting,FALL 2008,2.00
HIST,Visiting,FALL 2007,0.00
HIST,Visiting,FALL 2006,2.00
HIST,Visiting,FALL 2005,2.00
HIST,Visiting,FALL 2004,0.00
HIST,Visiting,FALL 2003,0.00
HIST,Visiting,FALL 2002,2.00
HIST,Visiting,FALL 2001,1.00
HIST,Adjunct,FALL 2023,0.00
HIST,Adjunct,FALL 2022,0.00
HIST,Adjunct,FALL 2021,2.00
HIST,Adjunct,FALL 2020,0.00
HIST,Adjunct,FALL 2019,0.67
HIST,Adjunct,FALL 2018,0.00
HIST,Adjunct,FALL 2017,0.00
HIST,Adjunct,FALL 2016,0.00
HIST,Adjunct,FALL 2015,1.33
HIST,Adjunct,FALL 2014,0.33
HIST,Adjunct,FALL 2013,0.00
HIST,Adjunct,FALL 2012,0.00
HIST,Adjunct,FALL 2011,0.00
HIST,Adjunct,FALL 2010,0.00
HIST,Adjunct,FALL 2009,0.66
HIST,Adjunct,FALL 2008,0.00
HIST,Adjunct,FALL 2007,0.00
HIST,Adjunct,FALL 2006,0.00
HIST,Adjunct,FALL 2005,0.00
HIST,Adjunct,FALL 2004,1.00
HIST,Adjunct,FALL 2003,0.00
HIST,Adjunct,FALL 2002,0.67
HIST,Adjunct,FALL 2001,0.00
INTN,Tenured,FALL 2023,1.00
INTN,Tenured,FALL 2022,1.00
INTN,Tenured,FALL 2021,1.00
INTN,Tenured,FALL 2020,1.00
INTN,Tenured,FALL 2019,1.00
INTN,Tenured,FALL 2018,1.00
INTN,Tenured,FALL 2017,1.00
INTN,Tenured,FALL 2016,1.00
INTN,Tenured,FALL 2015,1.00
INTN,Tenured,FALL 2014,1.00
INTN,Tenured,FALL 2013,1.00
INTN,Tenured,FALL 2012,0.00
INTN,Tenured,FALL 2011,1.00
INTN,Tenured,FALL 2010,0.00
INTN,Tenured,FALL 2009,0.00
INTN,Tenured,FALL 2008,0.00
INTN,Tenured,FALL 2007,0.00
INTN,Tenured,FALL 2006,0.00
INTN,Tenure-Track,FALL 2023,0.00
INTN,Tenure-Track,FALL 2022,0.00
INTN,Tenure-Track,FALL 2021,0.00
INTN,Tenure-Track,FALL 2020,0.00
INTN,Tenure-Track,FALL 2019,0.00
INTN,Tenure-Track,FALL 2018,0.00
INTN,Tenure-Track,FALL 2017,0.00
INTN,Tenure-Track,FALL 2016,0.00
INTN,Tenure-Track,FALL 2015,0.00
INTN,Tenure-Track,FALL 2014,0.00
INTN,Tenure-Track,FALL 2013,0.00
INTN,Tenure-Track,FALL 2012,0.00
INTN,Tenure-Track,FALL 2011,0.00
INTN,Tenure-Track,FALL 2010,1.00
INTN,Tenure-Track,FALL 2009,1.00
INTN,Tenure-Track,FALL 2008,1.00
INTN,Tenure-Track,FALL 2007,1.00
INTN,Tenure-Track,FALL 2006,1.00
INTN,Visiting,FALL 2023,0.00
INTN,Visiting,FALL 2022,0.00
INTN,Visiting,FALL 2021,0.00
INTN,Visiting,FALL 2020,0.00
INTN,Visiting,FALL 2019,0.00
INTN,Visiting,FALL 2018,0.00
INTN,Visiting,FALL 2017,0.00
INTN,Visiting,FALL 2016,0.00
INTN,Visiting,FALL 2015,0.00
INTN,Visiting,FALL 2014,0.00
INTN,Visiting,FALL 2013,0.00
INTN,Visiting,FALL 2012,0.00
INTN,Visiting,FALL 2011,0.00
INTN,Visiting,FALL 2010,0.00
INTN,Visiting,FALL 2009,0.00
INTN,Visiting,FALL 2008,0.00
INTN,Visiting,FALL 2007,0.00
INTN,Visiting,FALL 2006,0.00
INTN,Adjunct,FALL 2023,0.00
INTN,Adjunct,FALL 2022,0.00
INTN,Adjunct,FALL 2021,0.00
INTN,Adjunct,FALL 2020,0.00
INTN,Adjunct,FALL 2019,0.00
INTN,Adjunct,FALL 2018,0.00
INTN,Adjunct,FALL 2017,0.00
INTN,Adjunct,FALL 2016,0.00
INTN,Adjunct,FALL 2015,0.00
INTN,Adjunct,FALL 2014,0.00
INTN,Adjunct,FALL 2013,0.00
INTN,Adjunct,FALL 2012,0.00
INTN,Adjunct,FALL 2011,0.00
INTN,Adjunct,FALL 2010,0.00
INTN,Adjunct,FALL 2009,0.00
INTN,Adjunct,FALL 2008,0.00
INTN,Adjunct,FALL 2007,0.00
INTN,Adjunct,FALL 2006,0.00
KIN/PHED*,Tenured,FALL 2023,0.67
KIN/PHED*,Tenured,FALL 2022,0.00
KIN/PHED*,Tenured,FALL 2021,1.16
KIN/PHED*,Tenured,FALL 2020,1.00
KIN/PHED*,Tenured,FALL 2019,1.83
KIN/PHED*,Tenured,FALL 2018,2.00
KIN/PHED*,Tenured,FALL 2017,2.41
KIN/PHED*,Tenured,FALL 2016,1.46
KIN/PHED*,Tenured,FALL 2015,1.16
KIN/PHED*,Tenured,FALL 2014,1.08
KIN/PHED*,Tenured,FALL 2013,1.00
KIN/PHED*,Tenured,FALL 2012,1.00
KIN/PHED*,Tenured,FALL 2011,1.00
KIN/PHED*,Tenured,FALL 2010,2.50
KIN/PHED*,Tenured,FALL 2009,3.16
KIN/PHED*,Tenured,FALL 2008,2.33
KIN/PHED*,Tenured,FALL 2007,3.00
KIN/PHED*,Tenured,FALL 2006,5.66
KIN/PHED*,Tenured,FALL 2005,3.83
KIN/PHED*,Tenured,FALL 2004,3.42
KIN/PHED*,Tenured,FALL 2003,3.50
KIN/PHED*,Tenured,FALL 2002,2.83
KIN/PHED*,Tenured,FALL 2001,3.83
KIN addded as,Tenure-Track,FALL 2023,1.33
KIN addded as,Tenure-Track,FALL 2022,1.83
KIN addded as,Tenure-Track,FALL 2021,2.16
KIN addded as,Tenure-Track,FALL 2020,2.66
KIN addded as,Tenure-Track,FALL 2019,2.00
KIN addded as,Tenure-Track,FALL 2018,1.00
KIN addded as,Tenure-Track,FALL 2017,0.83
KIN addded as,Tenure-Track,FALL 2016,1.00
KIN addded as,Tenure-Track,FALL 2015,1.00
KIN addded as,Tenure-Track,FALL 2014,0.67
KIN addded as,Tenure-Track,FALL 2013,1.00
KIN addded as,Tenure-Track,FALL 2012,1.00
KIN addded as,Tenure-Track,FALL 2011,1.00
KIN addded as,Tenure-Track,FALL 2010,0.00
KIN addded as,Tenure-Track,FALL 2009,0.00
KIN addded as,Tenure-Track,FALL 2008,0.00
KIN addded as,Tenure-Track,FALL 2007,0.00
KIN addded as,Tenure-Track,FALL 2006,0.00
KIN addded as,Tenure-Track,FALL 2005,1.33
KIN addded as,Tenure-Track,FALL 2004,1.17
KIN addded as,Tenure-Track,FALL 2003,0.67
KIN addded as,Tenure-Track,FALL 2002,0.00
KIN addded as,Tenure-Track,FALL 2001,1.00
main dept Fall 2011,Visiting,FALL 2023,1.00
main dept Fall 2011,Visiting,FALL 2022,1.00
main dept Fall 2011,Visiting,FALL 2021,1.00
main dept Fall 2011,Visiting,FALL 2020,0.92
main dept Fall 2011,Visiting,FALL 2019,1.66
main dept Fall 2011,Visiting,FALL 2018,2.00
main dept Fall 2011,Visiting,FALL 2017,2.00
main dept Fall 2011,Visiting,FALL 2016,2.00
main dept Fall 2011,Visiting,FALL 2015,1.83
main dept Fall 2011,Visiting,FALL 2014,1.83
main dept Fall 2011,Visiting,FALL 2013,1.41
main dept Fall 2011,Visiting,FALL 2012,2.33
main dept Fall 2011,Visiting,FALL 2011,2.33
main dept Fall 2011,Visiting,FALL 2010,2.50
main dept Fall 2011,Visiting,FALL 2009,3.83
main dept Fall 2011,Visiting,FALL 2008,3.66
main dept Fall 2011,Visiting,FALL 2007,2.50
main dept Fall 2011,Visiting,FALL 2006,1.33
main dept Fall 2011,Visiting,FALL 2005,0.67
main dept Fall 2011,Visiting,FALL 2004,0.67
main dept Fall 2011,Visiting,FALL 2003,0.67
main dept Fall 2011,Visiting,FALL 2002,1.50
main dept Fall 2011,Visiting,FALL 2001,0.00
main dept Fall 2011,Adjunct,FALL 2023,1.00
main dept Fall 2011,Adjunct,FALL 2022,1.67
main dept Fall 2011,Adjunct,FALL 2021,1.75
main dept Fall 2011,Adjunct,FALL 2020,0.66
main dept Fall 2011,Adjunct,FALL 2019,0.16
main dept Fall 2011,Adjunct,FALL 2018,0.00
main dept Fall 2011,Adjunct,FALL 2017,0.16
main dept Fall 2011,Adjunct,FALL 2016,0.16
main dept Fall 2011,Adjunct,FALL 2015,0.50
main dept Fall 2011,Adjunct,FALL 2014,0.50
main dept Fall 2011,Adjunct,FALL 2013,2.00
main dept Fall 2011,Adjunct,FALL 2012,1.83
main dept Fall 2011,Adjunct,FALL 2011,3.58
main dept Fall 2011,Adjunct,FALL 2010,3.25
main dept Fall 2011,Adjunct,FALL 2009,2.41
main dept Fall 2011,Adjunct,FALL 2008,5.25
main dept Fall 2011,Adjunct,FALL 2007,3.58
main dept Fall 2011,Adjunct,FALL 2006,3.41
main dept Fall 2011,Adjunct,FALL 2005,2.08
main dept Fall 2011,Adjunct,FALL 2004,3.33
main dept Fall 2011,Adjunct,FALL 2003,3.08
main dept Fall 2011,Adjunct,FALL 2002,3.42
main dept Fall 2011,Adjunct,FALL 2001,2.75
MATH/CS*,Tenured,FALL 2023,3.00
MATH/CS*,Tenured,FALL 2022,4.00
MATH/CS*,Tenured,FALL 2021,4.83
MATH/CS*,Tenured,FALL 2020,4.08
MATH/CS*,Tenured,FALL 2019,4.50
MATH/CS*,Tenured,FALL 2018,3.33
MATH/CS*,Tenured,FALL 2017,3.00
MATH/CS*,Tenured,FALL 2016,3.42
MATH/CS*,Tenured,FALL 2015,4.25
MATH/CS*,Tenured,FALL 2014,4.00
MATH/CS*,Tenured,FALL 2013,4.33
MATH/CS*,Tenured,FALL 2012,4.33
MATH/CS*,Tenured,FALL 2011,2.00
MATH/CS*,Tenured,FALL 2010,3.50
MATH/CS*,Tenured,FALL 2009,4.00
MATH/CS*,Tenured,FALL 2008,3.00
MATH/CS*,Tenured,FALL 2007,1.66
MATH/CS*,Tenured,FALL 2006,3.33
MATH/CS*,Tenured,FALL 2005,2.67
MATH/CS*,Tenured,FALL 2004,1.67
MATH/CS*,Tenured,FALL 2003,2.67
MATH/CS*,Tenured,FALL 2002,3.67
MATH/CS*,Tenured,FALL 2001,4.33
MATH/CS*,Tenure-Track,FALL 2023,2.00
MATH/CS*,Tenure-Track,FALL 2022,1.00
MATH/CS*,Tenure-Track,FALL 2021,1.00
MATH/CS*,Tenure-Track,FALL 2020,0.66
MATH/CS*,Tenure-Track,FALL 2019,0.00
MATH/CS*,Tenure-Track,FALL 2018,2.00
MATH/CS*,Tenure-Track,FALL 2017,1.00
MATH/CS*,Tenure-Track,FALL 2016,1.00
MATH/CS*,Tenure-Track,FALL 2015,0.00
MATH/CS*,Tenure-Track,FALL 2014,1.00
MATH/CS*,Tenure-Track,FALL 2013,1.00
MATH/CS*,Tenure-Track,FALL 2012,0.66
MATH/CS*,Tenure-Track,FALL 2011,1.00
MATH/CS*,Tenure-Track,FALL 2010,1.00
MATH/CS*,Tenure-Track,FALL 2009,2.00
MATH/CS*,Tenure-Track,FALL 2008,2.00
MATH/CS*,Tenure-Track,FALL 2007,2.00
MATH/CS*,Tenure-Track,FALL 2006,2.00
MATH/CS*,Tenure-Track,FALL 2005,3.33
MATH/CS*,Tenure-Track,FALL 2004,1.67
MATH/CS*,Tenure-Track,FALL 2003,1.67
MATH/CS*,Tenure-Track,FALL 2002,2.00
MATH/CS*,Tenure-Track,FALL 2001,1.00
MATH/CS*,Visiting,FALL 2023,1.00
MATH/CS*,Visiting,FALL 2022,2.67
MATH/CS*,Visiting,FALL 2021,2.00
MATH/CS*,Visiting,FALL 2020,2.00
MATH/CS*,Visiting,FALL 2019,2.00
MATH/CS*,Visiting,FALL 2018,1.00
MATH/CS*,Visiting,FALL 2017,0.00
MATH/CS*,Visiting,FALL 2016,1.00
MATH/CS*,Visiting,FALL 2015,1.00
MATH/CS*,Visiting,FALL 2014,0.00
MATH/CS*,Visiting,FALL 2013,0.00
MATH/CS*,Visiting,FALL 2012,0.00
MATH/CS*,Visiting,FALL 2011,0.00
MATH/CS*,Visiting,FALL 2010,0.00
MATH/CS*,Visiting,FALL 2009,0.00
MATH/CS*,Visiting,FALL 2008,2.00
MATH/CS*,Visiting,FALL 2007,2.00
MATH/CS*,Visiting,FALL 2006,2.33
MATH/CS*,Visiting,FALL 2005,1.00
MATH/CS*,Visiting,FALL 2004,3.00
MATH/CS*,Visiting,FALL 2003,2.00
MATH/CS*,Visiting,FALL 2002,1.00
MATH/CS*,Visiting,FALL 2001,1.00
MATH/CS*,Adjunct,FALL 2023,1.33
MATH/CS*,Adjunct,FALL 2022,1.00
MATH/CS*,Adjunct,FALL 2021,1.66
MATH/CS*,Adjunct,FALL 2020,1.33
MATH/CS*,Adjunct,FALL 2019,0.66
MATH/CS*,Adjunct,FALL 2018,0.33
MATH/CS*,Adjunct,FALL 2017,1.00
MATH/CS*,Adjunct,FALL 2016,0.66
MATH/CS*,Adjunct,FALL 2015,0.33
MATH/CS*,Adjunct,FALL 2014,0.33
MATH/CS*,Adjunct,FALL 2013,0.33
MATH/CS*,Adjunct,FALL 2012,0.41
MATH/CS*,Adjunct,FALL 2011,1.00
MATH/CS*,Adjunct,FALL 2010,0.33
MATH/CS*,Adjunct,FALL 2009,0.33
MATH/CS*,Adjunct,FALL 2008,0.33
MATH/CS*,Adjunct,FALL 2007,0.33
MATH/CS*,Adjunct,FALL 2006,0.00
MATH/CS*,Adjunct,FALL 2005,0.33
MATH/CS*,Adjunct,FALL 2004,0.33
MATH/CS*,Adjunct,FALL 2003,0.33
MATH/CS*,Adjunct,FALL 2002,0.67
MATH/CS*,Adjunct,FALL 2001,0.67
CS*,Tenured,FALL 2011,1.00
CS*,Tenured,FALL 2010,1.00
CS*,Tenure-Track,FALL 2011,0.00
CS*,Tenure-Track,FALL 2010,1.00
CS*,Visiting,FALL 2011,0.00
CS*,Visiting,FALL 2010,0.00
CS*,Adjunct,FALL 2011,0.00
CS*,Adjunct,FALL 2010,0.00
MLAC/FRNL,Tenured,FALL 2023,3.42
MLAC/FRNL,Tenured,FALL 2022,4.00
MLAC/FRNL,Tenured,FALL 2021,4.41
MLAC/FRNL,Tenured,FALL 2020,4.33
MLAC/FRNL,Tenured,FALL 2019,4.66
MLAC/FRNL,Tenured,FALL 2018,4.33
MLAC/FRNL,Tenured,FALL 2017,4.67
MLAC/FRNL,Tenured,FALL 2016,4.33
MLAC/FRNL,Tenured,FALL 2015,4.33
MLAC/FRNL,Tenured,FALL 2014,3.33
MLAC/FRNL,Tenured,FALL 2013,4.00
MLAC/FRNL,Tenured,FALL 2012,4.00
MLAC/FRNL,Tenured,FALL 2011,3.66
MLAC/FRNL,Tenured,FALL 2010,4.66
MLAC/FRNL,Tenured,FALL 2009,4.00
MLAC/FRNL,Tenured,FALL 2008,2.00
MLAC/FRNL,Tenured,FALL 2007,1.66
MLAC/FRNL,Tenured,FALL 2006,2.33
MLAC/FRNL,Tenured,FALL 2005,1.67
MLAC/FRNL,Tenured,FALL 2004,2.33
MLAC/FRNL,Tenured,FALL 2003,2.33
MLAC/FRNL,Tenured,FALL 2002,2.50
MLAC/FRNL,Tenured,FALL 2001,2.00
MLAC/FRNL,Tenure-Track,FALL 2023,1.00
MLAC/FRNL,Tenure-Track,FALL 2022,1.00
MLAC/FRNL,Tenure-Track,FALL 2021,1.00
MLAC/FRNL,Tenure-Track,FALL 2020,1.00
MLAC/FRNL,Tenure-Track,FALL 2019,1.00
MLAC/FRNL,Tenure-Track,FALL 2018,1.00
MLAC/FRNL,Tenure-Track,FALL 2017,1.00
MLAC/FRNL,Tenure-Track,FALL 2016,1.00
MLAC/FRNL,Tenure-Track,FALL 2015,0.00
MLAC/FRNL,Tenure-Track,FALL 2014,0.67
MLAC/FRNL,Tenure-Track,FALL 2013,1.00
MLAC/FRNL,Tenure-Track,FALL 2012,1.00
MLAC/FRNL,Tenure-Track,FALL 2011,1.00
MLAC/FRNL,Tenure-Track,FALL 2010,0.00
MLAC/FRNL,Tenure-Track,FALL 2009,1.66
MLAC/FRNL,Tenure-Track,FALL 2008,4.66
MLAC/FRNL,Tenure-Track,FALL 2007,5.00
MLAC/FRNL,Tenure-Track,FALL 2006,1.66
MLAC/FRNL,Tenure-Track,FALL 2005,3.67
MLAC/FRNL,Tenure-Track,FALL 2004,3.00
MLAC/FRNL,Tenure-Track,FALL 2003,3.67
MLAC/FRNL,Tenure-Track,FALL 2002,3.33
MLAC/FRNL,Tenure-Track,FALL 2001,2.00
MLAC/FRNL,Visiting,FALL 2023,0.00
MLAC/FRNL,Visiting,FALL 2022,1.00
MLAC/FRNL,Visiting,FALL 2021,1.00
MLAC/FRNL,Visiting,FALL 2020,1.33
MLAC/FRNL,Visiting,FALL 2019,1.00
MLAC/FRNL,Visiting,FALL 2018,1.66
MLAC/FRNL,Visiting,FALL 2017,1.67
MLAC/FRNL,Visiting,FALL 2016,1.66
MLAC/FRNL,Visiting,FALL 2015,2.00
MLAC/FRNL,Visiting,FALL 2014,1.00
MLAC/FRNL,Visiting,FALL 2013,1.00
MLAC/FRNL,Visiting,FALL 2012,2.33
MLAC/FRNL,Visiting,FALL 2011,2.00
MLAC/FRNL,Visiting,FALL 2010,3.00
MLAC/FRNL,Visiting,FALL 2009,2.00
MLAC/FRNL,Visiting,FALL 2008,2.00
MLAC/FRNL,Visiting,FALL 2007,0.66
MLAC/FRNL,Visiting,FALL 2006,1.33
MLAC/FRNL,Visiting,FALL 2005,1.67
MLAC/FRNL,Visiting,FALL 2004,2.33
MLAC/FRNL,Visiting,FALL 2003,0.00
MLAC/FRNL,Visiting,FALL 2002,1.00
MLAC/FRNL,Visiting,FALL 2001,2.00
MLAC/FRNL,Adjunct,FALL 2023,1.00
MLAC/FRNL,Adjunct,FALL 2022,0.67
MLAC/FRNL,Adjunct,FALL 2021,0.66
MLAC/FRNL,Adjunct,FALL 2020,1.00
MLAC/FRNL,Adjunct,FALL 2019,1.66
MLAC/FRNL,Adjunct,FALL 2018,0.66
MLAC/FRNL,Adjunct,FALL 2017,0.66
MLAC/FRNL,Adjunct,FALL 2016,0.67
MLAC/FRNL,Adjunct,FALL 2015,0.67
MLAC/FRNL,Adjunct,FALL 2014,0.66
MLAC/FRNL,Adjunct,FALL 2013,0.66
MLAC/FRNL,Adjunct,FALL 2012,0.00
MLAC/FRNL,Adjunct,FALL 2011,0.33
MLAC/FRNL,Adjunct,FALL 2010,0.66
MLAC/FRNL,Adjunct,FALL 2009,0.00
MLAC/FRNL,Adjunct,FALL 2008,0.66
MLAC/FRNL,Adjunct,FALL 2007,1.33
MLAC/FRNL,Adjunct,FALL 2006,0.66
MLAC/FRNL,Adjunct,FALL 2005,1.33
MLAC/FRNL,Adjunct,FALL 2004,1.33
MLAC/FRNL,Adjunct,FALL 2003,1.33
MLAC/FRNL,Adjunct,FALL 2002,0.33
MLAC/FRNL,Adjunct,FALL 2001,0.67
MUS,Tenured,FALL 2023,2.58
MUS,Tenured,FALL 2022,4.00
MUS,Tenured,FALL 2021,3.15
MUS,Tenured,FALL 2020,5.33
MUS,Tenured,FALL 2019,4.11
MUS,Tenured,FALL 2018,6.33
MUS,Tenured,FALL 2017,4.09
MUS,Tenured,FALL 2016,4.39
MUS,Tenured,FALL 2015,4.00
MUS,Tenured,FALL 2014,4.00
MUS,Tenured,FALL 2013,4.00
MUS,Tenured,FALL 2012,4.00
MUS,Tenured,FALL 2011,2.86
MUS,Tenured,FALL 2010,2.41
MUS,Tenured,FALL 2009,2.55
MUS,Tenured,FALL 2008,2.75
MUS,Tenured,FALL 2007,4.75
MUS,Tenured,FALL 2006,3.38
MUS,Tenured,FALL 2005,3.67
MUS,Tenured,FALL 2004,3.50
MUS,Tenured,FALL 2003,2.33
MUS,Tenured,FALL 2002,1.67
MUS,Tenured,FALL 2001,1.00
MUS,Tenure-Track,FALL 2023,0.00
MUS,Tenure-Track,FALL 2022,0.00
MUS,Tenure-Track,FALL 2021,0.00
MUS,Tenure-Track,FALL 2020,0.00
MUS,Tenure-Track,FALL 2019,0.00
MUS,Tenure-Track,FALL 2018,0.00
MUS,Tenure-Track,FALL 2017,1.00
MUS,Tenure-Track,FALL 2016,1.00
MUS,Tenure-Track,FALL 2015,1.00
MUS,Tenure-Track,FALL 2014,1.00
MUS,Tenure-Track,FALL 2013,1.00
MUS,Tenure-Track,FALL 2012,1.00
MUS,Tenure-Track,FALL 2011,0.00
MUS,Tenure-Track,FALL 2010,1.00
MUS,Tenure-Track,FALL 2009,1.00
MUS,Tenure-Track,FALL 2008,2.05
MUS,Tenure-Track,FALL 2007,1.75
MUS,Tenure-Track,FALL 2006,2.33
MUS,Tenure-Track,FALL 2005,1.67
MUS,Tenure-Track,FALL 2004,2.00
MUS,Tenure-Track,FALL 2003,3.33
MUS,Tenure-Track,FALL 2002,3.00
MUS,Tenure-Track,FALL 2001,3.00
MUS,Visiting,FALL 2023,1.08
MUS,Visiting,FALL 2022,1.10
MUS,Visiting,FALL 2021,0.00
MUS,Visiting,FALL 2020,0.00
MUS,Visiting,FALL 2019,0.16
MUS,Visiting,FALL 2018,0.80
MUS,Visiting,FALL 2017,0.00
MUS,Visiting,FALL 2016,1.00
MUS,Visiting,FALL 2015,1.00
MUS,Visiting,FALL 2014,1.16
MUS,Visiting,FALL 2013,1.00
MUS,Visiting,FALL 2012,1.05
MUS,Visiting,FALL 2011,1.50
MUS,Visiting,FALL 2010,3.16
MUS,Visiting,FALL 2009,3.22
MUS,Visiting,FALL 2008,1.33
MUS,Visiting,FALL 2007,1.50
MUS,Visiting,FALL 2006,1.33
MUS,Visiting,FALL 2005,0.00
MUS,Visiting,FALL 2004,0.00
MUS,Visiting,FALL 2003,0.00
MUS,Visiting,FALL 2002,0.67
MUS,Visiting,FALL 2001,0.67
MUS,Adjunct,FALL 2023,1.70
MUS,Adjunct,FALL 2022,2.74
MUS,Adjunct,FALL 2021,3.45
MUS,Adjunct,FALL 2020,0.25
MUS,Adjunct,FALL 2019,3.12
MUS,Adjunct,FALL 2018,2.75
MUS,Adjunct,FALL 2017,2.76
MUS,Adjunct,FALL 2016,1.99
MUS,Adjunct,FALL 2015,1.73
MUS,Adjunct,FALL 2014,1.76
MUS,Adjunct,FALL 2013,2.68
MUS,Adjunct,FALL 2012,2.09
MUS,Adjunct,FALL 2011,2.25
MUS,Adjunct,FALL 2010,2.03
MUS,Adjunct,FALL 2009,2.27
MUS,Adjunct,FALL 2008,5.01
MUS,Adjunct,FALL 2007,4.19
MUS,Adjunct,FALL 2006,5.15
MUS,Adjunct,FALL 2005,6.89
MUS,Adjunct,FALL 2004,1.33
MUS,Adjunct,FALL 2003,1.25
MUS,Adjunct,FALL 2002,1.50
MUS,Adjunct,FALL 2001,1.08
PHIL,Tenured,FALL 2023,3.00
PHIL,Tenured,FALL 2022,3.00
PHIL,Tenured,FALL 2021,3.33
PHIL,Tenured,FALL 2020,3.33
PHIL,Tenured,FALL 2019,3.00
PHIL,Tenured,FALL 2018,3.33
PHIL,Tenured,FALL 2017,3.00
PHIL,Tenured,FALL 2016,3.33
PHIL,Tenured,FALL 2015,2.00
PHIL,Tenured,FALL 2014,2.00
PHIL,Tenured,FALL 2013,3.00
PHIL,Tenured,FALL 2012,2.00
PHIL,Tenured,FALL 2011,2.33
PHIL,Tenured,FALL 2010,1.66
PHIL,Tenured,FALL 2009,1.66
PHIL,Tenured,FALL 2008,2.00
PHIL,Tenured,FALL 2007,2.00
PHIL,Tenured,FALL 2006,2.00
PHIL,Tenured,FALL 2005,2.33
PHIL,Tenured,FALL 2004,3.33
PHIL,Tenured,FALL 2003,4.00
PHIL,Tenured,FALL 2002,3.67
PHIL,Tenured,FALL 2001,4.00
PHIL,Tenure-Track,FALL 2023,0.00
PHIL,Tenure-Track,FALL 2022,0.00
PHIL,Tenure-Track,FALL 2021,0.00
PHIL,Tenure-Track,FALL 2020,0.00
PHIL,Tenure-Track,FALL 2019,0.00
PHIL,Tenure-Track,FALL 2018,0.00
PHIL,Tenure-Track,FALL 2017,0.00
PHIL,Tenure-Track,FALL 2016,0.00
PHIL,Tenure-Track,FALL 2015,0.00
PHIL,Tenure-Track,FALL 2014,0.00
PHIL,Tenure-Track,FALL 2013,0.00
PHIL,Tenure-Track,FALL 2012,1.00
PHIL,Tenure-Track,FALL 2011,1.00
PHIL,Tenure-Track,FALL 2010,2.00
PHIL,Tenure-Track,FALL 2009,1.66
PHIL,Tenure-Track,FALL 2008,1.00
PHIL,Tenure-Track,FALL 2007,2.00
PHIL,Tenure-Track,FALL 2006,1.33
PHIL,Tenure-Track,FALL 2005,0.00
PHIL,Tenure-Track,FALL 2004,0.00
PHIL,Tenure-Track,FALL 2003,0.00
PHIL,Tenure-Track,FALL 2002,0.00
PHIL,Tenure-Track,FALL 2001,0.00
PHIL,Visiting,FALL 2023,0.00
PHIL,Visiting,FALL 2022,0.00
PHIL,Visiting,FALL 2021,0.00
PHIL,Visiting,FALL 2020,0.00
PHIL,Visiting,FALL 2019,0.00
PHIL,Visiting,FALL 2018,0.00
PHIL,Visiting,FALL 2017,0.00
PHIL,Visiting,FALL 2016,0.00
PHIL,Visiting,FALL 2015,0.00
PHIL,Visiting,FALL 2014,0.00
PHIL,Visiting,FALL 2013,0.00
PHIL,Visiting,FALL 2012,0.66
PHIL,Visiting,FALL 2011,0.00
PHIL,Visiting,FALL 2010,0.00
PHIL,Visiting,FALL 2009,0.00
PHIL,Visiting,FALL 2008,1.00
PHIL,Visiting,FALL 2007,0.00
PHIL,Visiting,FALL 2006,1.00
PHIL,Visiting,FALL 2005,3.33
PHIL,Visiting,FALL 2004,1.00
PHIL,Visiting,FALL 2003,1.00
PHIL,Visiting,FALL 2002,1.00
PHIL,Visiting,FALL 2001,1.00
PHIL,Adjunct,FALL 2023,1.33
PHIL,Adjunct,FALL 2022,1.33
PHIL,Adjunct,FALL 2021,1.33
PHIL,Adjunct,FALL 2020,1.33
PHIL,Adjunct,FALL 2019,0.66
PHIL,Adjunct,FALL 2018,0.66
PHIL,Adjunct,FALL 2017,0.66
PHIL,Adjunct,FALL 2016,0.67
PHIL,Adjunct,FALL 2015,1.33
PHIL,Adjunct,FALL 2014,1.33
PHIL,Adjunct,FALL 2013,0.66
PHIL,Adjunct,FALL 2012,0.00
PHIL,Adjunct,FALL 2011,0.66
PHIL,Adjunct,FALL 2010,0.00
PHIL,Adjunct,FALL 2009,0.00
PHIL,Adjunct,FALL 2008,0.00
PHIL,Adjunct,FALL 2007,0.00
PHIL,Adjunct,FALL 2006,0.00
PHIL,Adjunct,FALL 2005,0.00
PHIL,Adjunct,FALL 2004,1.33
PHIL,Adjunct,FALL 2003,0.00
PHIL,Adjunct,FALL 2002,0.00
PHIL,Adjunct,FALL 2001,0.00
PHYS,Tenured,FALL 2023,1.00
PHYS,Tenured,FALL 2022,1.67
PHYS,Tenured,FALL 2021,1.16
PHYS,Tenured,FALL 2020,2.00
PHYS,Tenured,FALL 2019,3.50
PHYS,Tenured,FALL 2018,3.00
PHYS,Tenured,FALL 2017,3.00
PHYS,Tenured,FALL 2016,3.33
PHYS,Tenured,FALL 2015,3.00
PHYS,Tenured,FALL 2014,2.75
PHYS,Tenured,FALL 2013,2.00
PHYS,Tenured,FALL 2012,3.16
PHYS,Tenured,FALL 2011,3.33
PHYS,Tenured,FALL 2010,1.00
PHYS,Tenured,FALL 2009,1.66
PHYS,Tenured,FALL 2008,1.00
PHYS,Tenured,FALL 2007,1.00
PHYS,Tenured,FALL 2006,0.00
PHYS,Tenured,FALL 2005,1.00
PHYS,Tenured,FALL 2004,1.67
PHYS,Tenured,FALL 2003,1.67
PHYS,Tenured,FALL 2002,2.00
PHYS,Tenured,FALL 2001,2.67
PHYS,Tenure-Track,FALL 2023,1.33
PHYS,Tenure-Track,FALL 2022,1.67
PHYS,Tenure-Track,FALL 2021,0.50
PHYS,Tenure-Track,FALL 2020,1.00
PHYS,Tenure-Track,FALL 2019,1.08
PHYS,Tenure-Track,FALL 2018,0.92
PHYS,Tenure-Track,FALL 2017,1.00
PHYS,Tenure-Track,FALL 2016,1.00
PHYS,Tenure-Track,FALL 2015,0.00
PHYS,Tenure-Track,FALL 2014,0.00
PHYS,Tenure-Track,FALL 2013,0.00
PHYS,Tenure-Track,FALL 2012,0.00
PHYS,Tenure-Track,FALL 2011,0.00
PHYS,Tenure-Track,FALL 2010,2.16
PHYS,Tenure-Track,FALL 2009,1.83
PHYS,Tenure-Track,FALL 2008,3.00
PHYS,Tenure-Track,FALL 2007,3.00
PHYS,Tenure-Track,FALL 2006,3.00
PHYS,Tenure-Track,FALL 2005,2.67
PHYS,Tenure-Track,FALL 2004,1.17
PHYS,Tenure-Track,FALL 2003,1.00
PHYS,Tenure-Track,FALL 2002,1.00
PHYS,Tenure-Track,FALL 2001,0.00
PHYS,Visiting,FALL 2023,1.00
PHYS,Visiting,FALL 2022,0.00
PHYS,Visiting,FALL 2021,0.66
PHYS,Visiting,FALL 2020,0.66
PHYS,Visiting,FALL 2019,0.00
PHYS,Visiting,FALL 2018,0.00
PHYS,Visiting,FALL 2017,0.00
PHYS,Visiting,FALL 2016,0.00
PHYS,Visiting,FALL 2015,1.00
PHYS,Visiting,FALL 2014,1.00
PHYS,Visiting,FALL 2013,1.66
PHYS,Visiting,FALL 2012,1.00
PHYS,Visiting,FALL 2011,1.00
PHYS,Visiting,FALL 2010,0.00
PHYS,Visiting,FALL 2009,0.00
PHYS,Visiting,FALL 2008,0.00
PHYS,Visiting,FALL 2007,0.00
PHYS,Visiting,FALL 2006,1.00
PHYS,Visiting,FALL 2005,0.00
PHYS,Visiting,FALL 2004,1.17
PHYS,Visiting,FALL 2003,0.00
PHYS,Visiting,FALL 2002,0.00
PHYS,Visiting,FALL 2001,1.00
PHYS,Adjunct,FALL 2023,0.00
PHYS,Adjunct,FALL 2022,0.00
PHYS,Adjunct,FALL 2021,0.50
PHYS,Adjunct,FALL 2020,0.00
PHYS,Adjunct,FALL 2019,0.00
PHYS,Adjunct,FALL 2018,0.00
PHYS,Adjunct,FALL 2017,0.00
PHYS,Adjunct,FALL 2016,0.00
PHYS,Adjunct,FALL 2015,0.00
PHYS,Adjunct,FALL 2014,0.00
PHYS,Adjunct,FALL 2013,0.00
PHYS,Adjunct,FALL 2012,0.00
PHYS,Adjunct,FALL 2011,0.00
PHYS,Adjunct,FALL 2010,0.00
PHYS,Adjunct,FALL 2009,0.33
PHYS,Adjunct,FALL 2008,0.33
PHYS,Adjunct,FALL 2007,0.00
PHYS,Adjunct,FALL 2006,0.00
PHYS,Adjunct,FALL 2005,0.33
PHYS,Adjunct,FALL 2004,0.00
PHYS,Adjunct,FALL 2003,0.67
PHYS,Adjunct,FALL 2002,0.67
PHYS,Adjunct,FALL 2001,0.00
PLSC,Tenured,FALL 2023,1.00
PLSC,Tenured,FALL 2022,2.00
PLSC,Tenured,FALL 2021,2.00
PLSC,Tenured,FALL 2020,3.33
PLSC,Tenured,FALL 2019,3.00
PLSC,Tenured,FALL 2018,3.08
PLSC,Tenured,FALL 2017,2.00
PLSC,Tenured,FALL 2016,4.00
PLSC,Tenured,FALL 2015,3.33
PLSC,Tenured,FALL 2014,3.00
PLSC,Tenured,FALL 2013,2.00
PLSC,Tenured,FALL 2012,2.00
PLSC,Tenured,FALL 2011,2.00
PLSC,Tenured,FALL 2010,1.33
PLSC,Tenured,FALL 2009,1.66
PLSC,Tenured,FALL 2008,2.00
PLSC,Tenured,FALL 2007,1.00
PLSC,Tenured,FALL 2006,2.00
PLSC,Tenured,FALL 2005,2.67
PLSC,Tenured,FALL 2004,2.00
PLSC,Tenured,FALL 2003,2.00
PLSC,Tenured,FALL 2002,1.67
PLSC,Tenured,FALL 2001,3.00
PLSC,Tenure-Track,FALL 2023,1.00
PLSC,Tenure-Track,FALL 2022,0.00
PLSC,Tenure-Track,FALL 2021,0.00
PLSC,Tenure-Track,FALL 2020,0.00
PLSC,Tenure-Track,FALL 2019,0.00
PLSC,Tenure-Track,FALL 2018,0.00
PLSC,Tenure-Track,FALL 2017,0.00
PLSC,Tenure-Track,FALL 2016,0.00
PLSC,Tenure-Track,FALL 2015,0.00
PLSC,Tenure-Track,FALL 2014,0.66
PLSC,Tenure-Track,FALL 2013,2.00
PLSC,Tenure-Track,FALL 2012,2.00
PLSC,Tenure-Track,FALL 2011,0.00
PLSC,Tenure-Track,FALL 2010,1.00
PLSC,Tenure-Track,FALL 2009,1.00
PLSC,Tenure-Track,FALL 2008,2.00
PLSC,Tenure-Track,FALL 2007,1.00
PLSC,Tenure-Track,FALL 2006,0.00
PLSC,Tenure-Track,FALL 2005,2.00
PLSC,Tenure-Track,FALL 2004,1.00
PLSC,Tenure-Track,FALL 2003,0.67
PLSC,Tenure-Track,FALL 2002,1.00
PLSC,Tenure-Track,FALL 2001,1.00
PLSC,Visiting,FALL 2023,0.00
PLSC,Visiting,FALL 2022,2.00
PLSC,Visiting,FALL 2021,1.33
PLSC,Visiting,FALL 2020,0.83
PLSC,Visiting,FALL 2019,1.00
PLSC,Visiting,FALL 2018,1.00
PLSC,Visiting,FALL 2017,1.00
PLSC,Visiting,FALL 2016,0.00
PLSC,Visiting,FALL 2015,0.00
PLSC,Visiting,FALL 2014,0.00
PLSC,Visiting,FALL 2013,0.00
PLSC,Visiting,FALL 2012,0.00
PLSC,Visiting,FALL 2011,1.00
PLSC,Visiting,FALL 2010,1.00
PLSC,Visiting,FALL 2009,1.00
PLSC,Visiting,FALL 2008,0.00
PLSC,Visiting,FALL 2007,1.33
PLSC,Visiting,FALL 2006,3.00
PLSC,Visiting,FALL 2005,2.00
PLSC,Visiting,FALL 2004,1.00
PLSC,Visiting,FALL 2003,1.67
PLSC,Visiting,FALL 2002,2.00
PLSC,Visiting,FALL 2001,1.00
PLSC,Adjunct,FALL 2023,1.00
PLSC,Adjunct,FALL 2022,1.00
PLSC,Adjunct,FALL 2021,0.33
PLSC,Adjunct,FALL 2020,0.00
PLSC,Adjunct,FALL 2019,0.00
PLSC,Adjunct,FALL 2018,0.00
PLSC,Adjunct,FALL 2017,0.00
PLSC,Adjunct,FALL 2016,0.00
PLSC,Adjunct,FALL 2015,0.00
PLSC,Adjunct,FALL 2014,0.00
PLSC,Adjunct,FALL 2013,0.00
PLSC,Adjunct,FALL 2012,0.00
PLSC,Adjunct,FALL 2011,0.00
PLSC,Adjunct,FALL 2010,0.00
PLSC,Adjunct,FALL 2009,0.66
PLSC,Adjunct,FALL 2008,0.66
PLSC,Adjunct,FALL 2007,0.33
PLSC,Adjunct,FALL 2006,0.33
PLSC,Adjunct,FALL 2005,0.00
PLSC,Adjunct,FALL 2004,0.67
PLSC,Adjunct,FALL 2003,0.33
PLSC,Adjunct,FALL 2002,0.00
PLSC,Adjunct,FALL 2001,0.00
PSYC,Tenured,FALL 2023,5.00
PSYC,Tenured,FALL 2022,5.00
PSYC,Tenured,FALL 2021,4.00
PSYC,Tenured,FALL 2020,6.00
PSYC,Tenured,FALL 2019,5.66
PSYC,Tenured,FALL 2018,7.08
PSYC,Tenured,FALL 2017,7.50
PSYC,Tenured,FALL 2016,6.16
PSYC,Tenured,FALL 2015,6.33
PSYC,Tenured,FALL 2014,4.00
PSYC,Tenured,FALL 2013,5.33
PSYC,Tenured,FALL 2012,6.00
PSYC,Tenured,FALL 2011,4.66
PSYC,Tenured,FALL 2010,3.33
PSYC,Tenured,FALL 2009,2.33
PSYC,Tenured,FALL 2008,4.00
PSYC,Tenured,FALL 2007,2.16
PSYC,Tenured,FALL 2006,3.66
PSYC,Tenured,FALL 2005,2.00
PSYC,Tenured,FALL 2004,1.83
PSYC,Tenured,FALL 2003,1.83
PSYC,Tenured,FALL 2002,0.67
PSYC,Tenured,FALL 2001,1.67
PSYC,Tenure-Track,FALL 2023,1.00
PSYC,Tenure-Track,FALL 2022,2.67
PSYC,Tenure-Track,FALL 2021,3.50
PSYC,Tenure-Track,FALL 2020,2.66
PSYC,Tenure-Track,FALL 2019,1.00
PSYC,Tenure-Track,FALL 2018,1.00
PSYC,Tenure-Track,FALL 2017,1.00
PSYC,Tenure-Track,FALL 2016,1.00
PSYC,Tenure-Track,FALL 2015,1.00
PSYC,Tenure-Track,FALL 2014,0.67
PSYC,Tenure-Track,FALL 2013,1.00
PSYC,Tenure-Track,FALL 2012,1.00
PSYC,Tenure-Track,FALL 2011,2.00
PSYC,Tenure-Track,FALL 2010,2.00
PSYC,Tenure-Track,FALL 2009,1.66
PSYC,Tenure-Track,FALL 2008,2.16
PSYC,Tenure-Track,FALL 2007,5.00
PSYC,Tenure-Track,FALL 2006,4.00
PSYC,Tenure-Track,FALL 2005,4.67
PSYC,Tenure-Track,FALL 2004,3.00
PSYC,Tenure-Track,FALL 2003,3.67
PSYC,Tenure-Track,FALL 2002,4.00
PSYC,Tenure-Track,FALL 2001,3.67
PSYC,Visiting,FALL 2023,1.00
PSYC,Visiting,FALL 2022,0.33
PSYC,Visiting,FALL 2021,0.00
PSYC,Visiting,FALL 2020,0.00
PSYC,Visiting,FALL 2019,0.67
PSYC,Visiting,FALL 2018,0.33
PSYC,Visiting,FALL 2017,0.00
PSYC,Visiting,FALL 2016,1.00
PSYC,Visiting,FALL 2015,1.00
PSYC,Visiting,FALL 2014,2.00
PSYC,Visiting,FALL 2013,2.00
PSYC,Visiting,FALL 2012,2.00
PSYC,Visiting,FALL 2011,1.00
PSYC,Visiting,FALL 2010,3.33
PSYC,Visiting,FALL 2009,3.16
PSYC,Visiting,FALL 2008,3.00
PSYC,Visiting,FALL 2007,2.00
PSYC,Visiting,FALL 2006,4.00
PSYC,Visiting,FALL 2005,4.00
PSYC,Visiting,FALL 2004,5.00
PSYC,Visiting,FALL 2003,2.00
PSYC,Visiting,FALL 2002,1.00
PSYC,Visiting,FALL 2001,0.00
PSYC,Adjunct,FALL 2023,0.67
PSYC,Adjunct,FALL 2022,0.00
PSYC,Adjunct,FALL 2021,0.66
PSYC,Adjunct,FALL 2020,0.00
PSYC,Adjunct,FALL 2019,0.67
PSYC,Adjunct,FALL 2018,0.34
PSYC,Adjunct,FALL 2017,0.66
PSYC,Adjunct,FALL 2016,0.67
PSYC,Adjunct,FALL 2015,0.67
PSYC,Adjunct,FALL 2014,0.66
PSYC,Adjunct,FALL 2013,0.66
PSYC,Adjunct,FALL 2012,1.00
PSYC,Adjunct,FALL 2011,1.16
PSYC,Adjunct,FALL 2010,0.33
PSYC,Adjunct,FALL 2009,0.66
PSYC,Adjunct,FALL 2008,2.33
PSYC,Adjunct,FALL 2007,1.66
PSYC,Adjunct,FALL 2006,0.33
PSYC,Adjunct,FALL 2005,1.00
PSYC,Adjunct,FALL 2004,1.33
PSYC,Adjunct,FALL 2003,0.83
PSYC,Adjunct,FALL 2002,1.33
PSYC,Adjunct,FALL 2001,0.67
RELG,Tenured,FALL 2023,3.00
RELG,Tenured,FALL 2022,2.00
RELG,Tenured,FALL 2021,2.16
RELG,Tenured,FALL 2020,2.00
RELG,Tenured,FALL 2019,2.08
RELG,Tenured,FALL 2018,3.08
RELG,Tenured,FALL 2017,2.00
RELG,Tenured,FALL 2016,1.08
RELG,Tenured,FALL 2015,2.00
RELG,Tenured,FALL 2014,2.00
RELG,Tenured,FALL 2013,2.00
RELG,Tenured,FALL 2012,1.00
RELG,Tenured,FALL 2011,2.00
RELG,Tenured,FALL 2010,0.00
RELG,Tenured,FALL 2009,0.00
RELG,Tenured,FALL 2008,0.00
RELG,Tenured,FALL 2007,1.00
RELG,Tenured,FALL 2006,2.00
RELG,Tenured,FALL 2005,1.00
RELG,Tenured,FALL 2004,1.00
RELG,Tenured,FALL 2003,1.00
RELG,Tenured,FALL 2002,1.00
RELG,Tenured,FALL 2001,1.00
RELG,Tenure-Track,FALL 2023,0.00
RELG,Tenure-Track,FALL 2022,0.00
RELG,Tenure-Track,FALL 2021,0.00
RELG,Tenure-Track,FALL 2020,0.00
RELG,Tenure-Track,FALL 2019,0.00
RELG,Tenure-Track,FALL 2018,0.00
RELG,Tenure-Track,FALL 2017,1.00
RELG,Tenure-Track,FALL 2016,1.00
RELG,Tenure-Track,FALL 2015,1.00
RELG,Tenure-Track,FALL 2014,1.00
RELG,Tenure-Track,FALL 2013,1.00
RELG,Tenure-Track,FALL 2012,1.00
RELG,Tenure-Track,FALL 2011,0.00
RELG,Tenure-Track,FALL 2010,3.00
RELG,Tenure-Track,FALL 2009,1.33
RELG,Tenure-Track,FALL 2008,3.00
RELG,Tenure-Track,FALL 2007,3.00
RELG,Tenure-Track,FALL 2006,2.00
RELG,Tenure-Track,FALL 2005,0.67
RELG,Tenure-Track,FALL 2004,1.67
RELG,Tenure-Track,FALL 2003,1.67
RELG,Tenure-Track,FALL 2002,2.00
RELG,Tenure-Track,FALL 2001,2.00
RELG,Visiting,FALL 2023,0.00
RELG,Visiting,FALL 2022,1.00
RELG,Visiting,FALL 2021,1.00
RELG,Visiting,FALL 2020,1.00
RELG,Visiting,FALL 2019,1.00
RELG,Visiting,FALL 2018,0.00
RELG,Visiting,FALL 2017,0.00
RELG,Visiting,FALL 2016,0.00
RELG,Visiting,FALL 2015,0.66
RELG,Visiting,FALL 2014,0.00
RELG,Visiting,FALL 2013,0.00
RELG,Visiting,FALL 2012,0.66
RELG,Visiting,FALL 2011,0.00
RELG,Visiting,FALL 2010,0.00
RELG,Visiting,FALL 2009,1.00
RELG,Visiting,FALL 2008,1.00
RELG,Visiting,FALL 2007,0.00
RELG,Visiting,FALL 2006,0.00
RELG,Visiting,FALL 2005,2.33
RELG,Visiting,FALL 2004,0.00
RELG,Visiting,FALL 2003,0.00
RELG,Visiting,FALL 2002,0.00
RELG,Visiting,FALL 2001,0.00
RELG,Adjunct,FALL 2023,0.00
RELG,Adjunct,FALL 2022,0.00
RELG,Adjunct,FALL 2021,0.00
RELG,Adjunct,FALL 2020,0.00
RELG,Adjunct,FALL 2019,0.33
RELG,Adjunct,FALL 2018,0.33
RELG,Adjunct,FALL 2017,0.33
RELG,Adjunct,FALL 2016,1.00
RELG,Adjunct,FALL 2015,0.00
RELG,Adjunct,FALL 2014,0.00
RELG,Adjunct,FALL 2013,0.00
RELG,Adjunct,FALL 2012,0.00
RELG,Adjunct,FALL 2011,1.00
RELG,Adjunct,FALL 2010,0.00
RELG,Adjunct,FALL 2009,0.67
RELG,Adjunct,FALL 2008,0.66
RELG,Adjunct,FALL 2007,0.00
RELG,Adjunct,FALL 2006,0.00
RELG,Adjunct,FALL 2005,1.33
RELG,Adjunct,FALL 2004,1.33
RELG,Adjunct,FALL 2003,0.67
RELG,Adjunct,FALL 2002,0.33
RELG,Adjunct,FALL 2001,0.00
THEA,Tenured,FALL 2023,0.00
THEA,Tenured,FALL 2022,0.00
THEA,Tenured,FALL 2021,0.00
THEA,Tenured,FALL 2020,0.00
THEA,Tenured,FALL 2019,0.00
THEA,Tenured,FALL 2018,0.00
THEA,Tenured,FALL 2017,0.00
THEA,Tenured,FALL 2016,0.00
THEA,Tenured,FALL 2015,1.33
THEA,Tenured,FALL 2014,0.67
THEA,Tenured,FALL 2013,1.33
THEA,Tenured,FALL 2012,1.00
THEA,Tenured,FALL 2011,1.00
THEA,Tenured,FALL 2010,0.00
THEA,Tenured,FALL 2009,1.33
THEA,Tenured,FALL 2008,0.66
THEA,Tenured,FALL 2007,0.00
THEA,Tenured,FALL 2006,0.00
THEA,Tenured,FALL 2005,0.00
THEA,Tenured,FALL 2004,0.00
THEA,Tenured,FALL 2003,0.00
THEA,Tenured,FALL 2002,0.67
THEA,Tenured,FALL 2001,0.00
THEA,Tenure-Track,FALL 2023,2.00
THEA,Tenure-Track,FALL 2022,1.00
THEA,Tenure-Track,FALL 2021,1.00
THEA,Tenure-Track,FALL 2020,2.00
THEA,Tenure-Track,FALL 2019,2.00
THEA,Tenure-Track,FALL 2018,2.00
THEA,Tenure-Track,FALL 2017,1.00
THEA,Tenure-Track,FALL 2016,0.00
THEA,Tenure-Track,FALL 2015,0.00
THEA,Tenure-Track,FALL 2014,0.00
THEA,Tenure-Track,FALL 2013,0.00
THEA,Tenure-Track,FALL 2012,0.00
THEA,Tenure-Track,FALL 2011,0.00
THEA,Tenure-Track,FALL 2010,1.00
THEA,Tenure-Track,FALL 2009,0.00
THEA,Tenure-Track,FALL 2008,1.33
THEA,Tenure-Track,FALL 2007,1.33
THEA,Tenure-Track,FALL 2006,1.00
THEA,Tenure-Track,FALL 2005,2.00
THEA,Tenure-Track,FALL 2004,0.67
THEA,Tenure-Track,FALL 2003,0.67
THEA,Tenure-Track,FALL 2002,0.00
THEA,Tenure-Track,FALL 2001,0.00
THEA,Visiting,FALL 2023,1.00
THEA,Visiting,FALL 2022,2.33
THEA,Visiting,FALL 2021,2.00
THEA,Visiting,FALL 2020,1.67
THEA,Visiting,FALL 2019,2.00
THEA,Visiting,FALL 2018,2.00
THEA,Visiting,FALL 2017,3.00
THEA,Visiting,FALL 2016,2.83
THEA,Visiting,FALL 2015,0.67
THEA,Visiting,FALL 2014,0.66
THEA,Visiting,FALL 2013,1.00
THEA,Visiting,FALL 2012,0.67
THEA,Visiting,FALL 2011,0.83
THEA,Visiting,FALL 2010,0.66
THEA,Visiting,FALL 2009,1.33
THEA,Visiting,FALL 2008,2.75
THEA,Visiting,FALL 2007,1.07
THEA,Visiting,FALL 2006,1.66
THEA,Visiting,FALL 2005,1.17
THEA,Visiting,FALL 2004,2.08
THEA,Visiting,FALL 2003,1.67
THEA,Visiting,FALL 2002,1.67
THEA,Visiting,FALL 2001,2.33
THEA,Adjunct,FALL 2023,0.67
THEA,Adjunct,FALL 2022,1.00
THEA,Adjunct,FALL 2021,1.33
THEA,Adjunct,FALL 2020,0.33
THEA,Adjunct,FALL 2019,0.33
THEA,Adjunct,FALL 2018,0.00
THEA,Adjunct,FALL 2017,0.00
THEA,Adjunct,FALL 2016,0.33
THEA,Adjunct,FALL 2015,1.00
THEA,Adjunct,FALL 2014,0.33
THEA,Adjunct,FALL 2013,0.33
THEA,Adjunct,FALL 2012,0.33
THEA,Adjunct,FALL 2011,0.33
THEA,Adjunct,FALL 2010,1.00
THEA,Adjunct,FALL 2009,0.34
THEA,Adjunct,FALL 2008,0.33
THEA,Adjunct,FALL 2007,0.33
THEA,Adjunct,FALL 2006,0.41
THEA,Adjunct,FALL 2005,0.42
THEA,Adjunct,FALL 2004,0.33
THEA,Adjunct,FALL 2003,0.00
THEA,Adjunct,FALL 2002,0.08
THEA,Adjunct,FALL 2001,0.00
WGS,Tenured,FALL 2023,1.00
WGS,Tenured,FALL 2022,1.00
WGS,Tenured,FALL 2021,1.00
WGS,Tenured,FALL 2020,1.00
WGS,Tenured,FALL 2019,1.00
WGS,Tenured,FALL 2018,1.00
WGS,Tenured,FALL 2017,1.00
WGS,Tenured,FALL 2016,1.00
WGS,Tenured,FALL 2015,1.00
WGS,Tenured,FALL 2014,1.00
WGS,Tenured,FALL 2013,1.00
WGS,Tenured,FALL 2012,1.00
WGS,Tenured,FALL 2011,1.00
WGS,Tenured,FALL 2010,1.33
WGS,Tenured,FALL 2009,1.00
WGS,Tenured,FALL 2008,0.00
WGS,Tenured,FALL 2007,1.00
WGS,Tenured,FALL 2006,0.00
WGS,Tenure-Track,FALL 2023,1.00
WGS,Tenure-Track,FALL 2022,0.00
WGS,Tenure-Track,FALL 2021,0.00
WGS,Tenure-Track,FALL 2020,0.00
WGS,Tenure-Track,FALL 2019,0.00
WGS,Tenure-Track,FALL 2018,0.00
WGS,Tenure-Track,FALL 2017,0.00
WGS,Tenure-Track,FALL 2016,0.00
WGS,Tenure-Track,FALL 2015,0.00
WGS,Tenure-Track,FALL 2014,0.00
WGS,Tenure-Track,FALL 2013,0.00
WGS,Tenure-Track,FALL 2012,0.00
WGS,Tenure-Track,FALL 2011,0.00
WGS,Tenure-Track,FALL 2010,0.00
WGS,Tenure-Track,FALL 2009,0.00
WGS,Tenure-Track,FALL 2008,0.00
WGS,Tenure-Track,FALL 2007,0.00
WGS,Tenure-Track,FALL 2006,1.00
WGS,Visiting,FALL 2023,0.00
WGS,Visiting,FALL 2022,0.00
WGS,Visiting,FALL 2021,0.00
WGS,Visiting,FALL 2020,0.00
WGS,Visiting,FALL 2019,0.00
WGS,Visiting,FALL 2018,0.00
WGS,Visiting,FALL 2017,0.00
WGS,Visiting,FALL 2016,0.00
WGS,Visiting,FALL 2015,0.00
WGS,Visiting,FALL 2014,0.00
WGS,Visiting,FALL 2013,0.00
WGS,Visiting,FALL 2012,0.00
WGS,Visiting,FALL 2011,0.00
WGS,Visiting,FALL 2010,0.00
WGS,Visiting,FALL 2009,0.00
WGS,Visiting,FALL 2008,0.00
WGS,Visiting,FALL 2007,0.00
WGS,Visiting,FALL 2006,0.66
WGS,Adjunct,FALL 2023,0.00
WGS,Adjunct,FALL 2022,1.00
WGS,Adjunct,FALL 2021,1.00
WGS,Adjunct,FALL 2020,0.00
WGS,Adjunct,FALL 2019,0.00
WGS,Adjunct,FALL 2018,0.00
WGS,Adjunct,FALL 2017,0.00
WGS,Adjunct,FALL 2016,0.00
WGS,Adjunct,FALL 2015,0.00
WGS,Adjunct,FALL 2014,0.00
WGS,Adjunct,FALL 2013,0.00
WGS,Adjunct,FALL 2012,0.00
WGS,Adjunct,FALL 2011,0.00
WGS,Adjunct,FALL 2010,0.00
WGS,Adjunct,FALL 2009,0.00
WGS,Adjunct,FALL 2008,1.00
WGS,Adjunct,FALL 2007,0.66
WGS,Adjunct,FALL 2006,0.00
SPEC,Tenure-Track,FALL 2023,0.00
SPEC,Tenure-Track,FALL 2022,0.00
SPEC,Tenure-Track,FALL 2021,0.33
SPEC,Tenure-Track,FALL 2020,0.00
SPEC,Tenure-Track,FALL 2019,0.00
SPEC,Tenure-Track,FALL 2018,0.00
SPEC,Tenure-Track,FALL 2017,0.00
SPEC,Tenure-Track,FALL 2016,0.00
SPEC,Tenure-Track,FALL 2015,1.00
SPEC,Tenure-Track,FALL 2014,0.00
SPEC,Tenure-Track,FALL 2013,0.00
SPEC,Tenure-Track,FALL 2012,0.00
SPEC,Tenure-Track,FALL 2011,0.00
SPEC,Tenure-Track,FALL 2010,0.00
SPEC,Tenure-Track,FALL 2009,0.00
SPEC,Tenure-Track,FALL 2008,0.00
SPEC,Tenure-Track,FALL 2007,0.00
SPEC,Tenure-Track,FALL 2006,0.00
SPEC,Tenure-Track,FALL 2005,2.33
SPEC,Tenure-Track,FALL 2004,2.00
SPEC,Tenure-Track,FALL 2003,1.00
SPEC,Tenure-Track,FALL 2002,0.00
SPEC,Tenure-Track,FALL 2001,0.00
SPEC,Visiting,FALL 2023,0.00
SPEC,Visiting,FALL 2022,0.00
SPEC,Visiting,FALL 2021,0.33
SPEC,Visiting,FALL 2020,0.00
SPEC,Visiting,FALL 2019,0.00
SPEC,Visiting,FALL 2018,0.00
SPEC,Visiting,FALL 2017,0.25
SPEC,Visiting,FALL 2016,0.00
SPEC,Visiting,FALL 2015,0.00
SPEC,Visiting,FALL 2014,0.08
SPEC,Visiting,FALL 2013,0.00
SPEC,Visiting,FALL 2012,0.00
SPEC,Visiting,FALL 2011,0.00
SPEC,Visiting,FALL 2010,0.00
SPEC,Visiting,FALL 2009,0.00
SPEC,Visiting,FALL 2008,0.00
SPEC,Visiting,FALL 2007,0.00
SPEC,Visiting,FALL 2006,0.00
SPEC,Visiting,FALL 2005,0.00
SPEC,Visiting,FALL 2004,0.00
SPEC,Visiting,FALL 2003,0.00
SPEC,Visiting,FALL 2002,0.00
SPEC,Visiting,FALL 2001,0.00
SPEC,Adjunct,FALL 2023,0.25
SPEC,Adjunct,FALL 2022,0.50
SPEC,Adjunct,FALL 2021,2.66
SPEC,Adjunct,FALL 2020,1.33
SPEC,Adjunct,FALL 2019,1.75
SPEC,Adjunct,FALL 2018,3.66
SPEC,Adjunct,FALL 2017,3.33
SPEC,Adjunct,FALL 2016,4.16
SPEC,Adjunct,FALL 2015,2.83
SPEC,Adjunct,FALL 2014,2.58
SPEC,Adjunct,FALL 2013,1.91
SPEC,Adjunct,FALL 2012,1.50
SPEC,Adjunct,FALL 2011,1.66
SPEC,Adjunct,FALL 2010,2.66
SPEC,Adjunct,FALL 2009,3.58
SPEC,Adjunct,FALL 2008,1.50
SPEC,Adjunct,FALL 2007,0.83
SPEC,Adjunct,FALL 2006,0.33
SPEC,Adjunct,FALL 2005,2.00
SPEC,Adjunct,FALL 2004,1.33
SPEC,Adjunct,FALL 2003,1.17
SPEC,Adjunct,FALL 2002,1.67
SPEC,Adjunct,FALL 2001,1.67
